id,city,match_date,season,match_number,team1,team2,venue,toss_winner,toss_decision,superover,winning_team,won_by,margin,method,player_of_match,umpire1,umpire2
1312200.0,Ahmedabad,29-05-2022,2022,Final,Rajasthan Royals,Gujarat Titans,"Narendra Modi Stadium, Ahmedabad",Rajasthan Royals,bat,N,Gujarat Titans,Wickets,7.0,,HH Pandya,CB Gaffaney,Nitin Menon
1312199.0,Ahmedabad,27-05-2022,2022,Qualifier 2,Royal Challengers Bangalore,Rajasthan Royals,"Narendra Modi Stadium, Ahmedabad",Rajasthan Royals,field,N,Rajasthan Royals,Wickets,7.0,,JC Buttler,CB Gaffaney,Nitin Menon
1312198.0,Kolkata,25-05-2022,2022,Eliminator,Royal Challengers Bangalore,Lucknow Super Giants,"Eden Gardens, Kolkata",Lucknow Super Giants,field,N,Royal Challengers Bangalore,Runs,14.0,,RM Patidar,J Madanagopal,MA Gough
1312197.0,Kolkata,24-05-2022,2022,Qualifier 1,Rajasthan Royals,Gujarat Titans,"Eden Gardens, Kolkata",Gujarat Titans,field,N,Gujarat Titans,Wickets,7.0,,DA Miller,BNJ Oxenford,VK Sharma
1304116.0,Mumbai,22-05-2022,2022,70,Sunrisers Hyderabad,Punjab Kings,"Wankhede Stadium, Mumbai",Sunrisers Hyderabad,bat,N,Punjab Kings,Wickets,5.0,,Harpreet Brar,AK Chaudhary,NA Patwardhan
1304115.0,Mumbai,21-05-2022,2022,69,Delhi Capitals,Mumbai Indians,"Wankhede Stadium, Mumbai",Mumbai Indians,field,N,Mumbai Indians,Wickets,5.0,,JJ Bumrah,Nitin Menon,Tapan Sharma
1304114.0,Mumbai,20-05-2022,2022,68,Chennai Super Kings,Rajasthan Royals,"Brabourne Stadium, Mumbai",Chennai Super Kings,bat,N,Rajasthan Royals,Wickets,5.0,,R Ashwin,CB Gaffaney,NA Patwardhan
1304113.0,Mumbai,19-05-2022,2022,67,Gujarat Titans,Royal Challengers Bangalore,"Wankhede Stadium, Mumbai",Gujarat Titans,bat,N,Royal Challengers Bangalore,Wickets,8.0,,V Kohli,KN Ananthapadmanabhan,GR Sadashiv Iyer
1304112.0,Navi Mumbai,18-05-2022,2022,66,Lucknow Super Giants,Kolkata Knight Riders,"Dr DY Patil Sports Academy, Mumbai",Lucknow Super Giants,bat,N,Lucknow Super Giants,Runs,2.0,,Q de Kock,R Pandit,YC Barde
1304111.0,Mumbai,17-05-2022,2022,65,Sunrisers Hyderabad,Mumbai Indians,"Wankhede Stadium, Mumbai",Mumbai Indians,field,N,Sunrisers Hyderabad,Runs,3.0,,RA Tripathi,CB Gaffaney,N Pandit
1304110.0,Navi Mumbai,16-05-2022,2022,64,Delhi Capitals,Punjab Kings,"Dr DY Patil Sports Academy, Mumbai",Punjab Kings,field,N,Delhi Capitals,Runs,17.0,,SN Thakur,GR Sadashiv Iyer,Nitin Menon
1304109.0,Mumbai,15-05-2022,2022,63,Rajasthan Royals,Lucknow Super Giants,"Brabourne Stadium, Mumbai",Rajasthan Royals,bat,N,Rajasthan Royals,Runs,24.0,,TA Boult,PG Pathak,Tapan Sharma
1304108.0,Mumbai,15-05-2022,2022,62,Chennai Super Kings,Gujarat Titans,"Wankhede Stadium, Mumbai",Chennai Super Kings,bat,N,Gujarat Titans,Wickets,7.0,,WP Saha,R Pandit,VK Sharma
1304107.0,Pune,14-05-2022,2022,61,Kolkata Knight Riders,Sunrisers Hyderabad,"Maharashtra Cricket Association Stadium, Pune",Kolkata Knight Riders,bat,N,Kolkata Knight Riders,Runs,54.0,,AD Russell,AK Chaudhary,KN Ananthapadmanabhan
1304106.0,Mumbai,13-05-2022,2022,60,Punjab Kings,Royal Challengers Bangalore,"Brabourne Stadium, Mumbai",Royal Challengers Bangalore,field,N,Punjab Kings,Runs,54.0,,JM Bairstow,J Madanagopal,N Pandit
1304105.0,Mumbai,12-05-2022,2022,59,Chennai Super Kings,Mumbai Indians,"Wankhede Stadium, Mumbai",Mumbai Indians,field,N,Mumbai Indians,Wickets,5.0,,DR Sams,Chirra Ravikanthreddy,CB Gaffaney
1304104.0,Navi Mumbai,11-05-2022,2022,58,Rajasthan Royals,Delhi Capitals,"Dr DY Patil Sports Academy, Mumbai",Delhi Capitals,field,N,Delhi Capitals,Wickets,8.0,,MR Marsh,NA Patwardhan,Nitin Menon
1304103.0,Pune,10-05-2022,2022,57,Gujarat Titans,Lucknow Super Giants,"Maharashtra Cricket Association Stadium, Pune",Gujarat Titans,bat,N,Gujarat Titans,Runs,62.0,,Shubman Gill,KN Ananthapadmanabhan,MA Gough
1304102.0,Navi Mumbai,09-05-2022,2022,56,Kolkata Knight Riders,Mumbai Indians,"Dr DY Patil Sports Academy, Mumbai",Mumbai Indians,field,N,Kolkata Knight Riders,Runs,52.0,,JJ Bumrah,CB Gaffaney,GR Sadashiv Iyer
1304101.0,Navi Mumbai,08-05-2022,2022,55,Chennai Super Kings,Delhi Capitals,"Dr DY Patil Sports Academy, Mumbai",Delhi Capitals,field,N,Chennai Super Kings,Runs,91.0,,DP Conway,Nitin Menon,R Pandit
1304100.0,Mumbai,08-05-2022,2022,54,Royal Challengers Bangalore,Sunrisers Hyderabad,"Wankhede Stadium, Mumbai",Royal Challengers Bangalore,bat,N,Royal Challengers Bangalore,Runs,67.0,,PWH de Silva,BNJ Oxenford,N Pandit
1304099.0,Pune,07-05-2022,2022,53,Lucknow Super Giants,Kolkata Knight Riders,"Maharashtra Cricket Association Stadium, Pune",Kolkata Knight Riders,field,N,Lucknow Super Giants,Runs,75.0,,Avesh Khan,AK Chaudhary,MA Gough
1304098.0,Mumbai,07-05-2022,2022,52,Punjab Kings,Rajasthan Royals,"Wankhede Stadium, Mumbai",Punjab Kings,bat,N,Rajasthan Royals,Wickets,6.0,,YBK Jaiswal,Chirra Ravikanthreddy,YC Barde
1304097.0,Mumbai,06-05-2022,2022,51,Mumbai Indians,Gujarat Titans,"Brabourne Stadium, Mumbai",Gujarat Titans,field,N,Mumbai Indians,Runs,5.0,,TH David,J Madanagopal,GR Sadashiv Iyer
1304096.0,Mumbai,05-05-2022,2022,50,Delhi Capitals,Sunrisers Hyderabad,"Brabourne Stadium, Mumbai",Sunrisers Hyderabad,field,N,Delhi Capitals,Runs,21.0,,DA Warner,Navdeep Singh,NA Patwardhan
1304095.0,Pune,04-05-2022,2022,49,Royal Challengers Bangalore,Chennai Super Kings,"Maharashtra Cricket Association Stadium, Pune",Chennai Super Kings,field,N,Royal Challengers Bangalore,Runs,13.0,,HV Patel,KN Ananthapadmanabhan,MA Gough
1304094.0,Navi Mumbai,03-05-2022,2022,48,Gujarat Titans,Punjab Kings,"Dr DY Patil Sports Academy, Mumbai",Gujarat Titans,bat,N,Punjab Kings,Wickets,8.0,,K Rabada,R Pandit,VK Sharma
1304093.0,Mumbai,02-05-2022,2022,47,Rajasthan Royals,Kolkata Knight Riders,"Wankhede Stadium, Mumbai",Kolkata Knight Riders,field,N,Kolkata Knight Riders,Wickets,7.0,,RK Singh,J Madanagopal,N Pandit
1304092.0,Pune,01-05-2022,2022,46,Chennai Super Kings,Sunrisers Hyderabad,"Maharashtra Cricket Association Stadium, Pune",Sunrisers Hyderabad,field,N,Chennai Super Kings,Runs,13.0,,RD Gaikwad,AK Chaudhary,KN Ananthapadmanabhan
1304091.0,Mumbai,01-05-2022,2022,45,Lucknow Super Giants,Delhi Capitals,"Wankhede Stadium, Mumbai",Lucknow Super Giants,bat,N,Lucknow Super Giants,Runs,6.0,,Mohsin Khan,Chirra Ravikanthreddy,CB Gaffaney
1304090.0,Navi Mumbai,30-04-2022,2022,44,Rajasthan Royals,Mumbai Indians,"Dr DY Patil Sports Academy, Mumbai",Mumbai Indians,field,N,Mumbai Indians,Wickets,5.0,,SA Yadav,BNJ Oxenford,YC Barde
1304089.0,Mumbai,30-04-2022,2022,43,Royal Challengers Bangalore,Gujarat Titans,"Brabourne Stadium, Mumbai",Royal Challengers Bangalore,bat,N,Gujarat Titans,Wickets,6.0,,R Tewatia,HAS Khalid,VK Sharma
1304088.0,Pune,29-04-2022,2022,42,Lucknow Super Giants,Punjab Kings,"Maharashtra Cricket Association Stadium, Pune",Punjab Kings,field,N,Lucknow Super Giants,Runs,20.0,,KH Pandya,MA Gough,UV Gandhe
1304087.0,Mumbai,28-04-2022,2022,41,Kolkata Knight Riders,Delhi Capitals,"Wankhede Stadium, Mumbai",Delhi Capitals,field,N,Delhi Capitals,Wickets,4.0,,Kuldeep Yadav,AK Chaudhary,PG Pathak
1304086.0,Mumbai,27-04-2022,2022,40,Sunrisers Hyderabad,Gujarat Titans,"Wankhede Stadium, Mumbai",Gujarat Titans,field,N,Gujarat Titans,Wickets,5.0,,Umran Malik,CB Gaffaney,Navdeep Singh
1304085.0,Pune,26-04-2022,2022,39,Rajasthan Royals,Royal Challengers Bangalore,"Maharashtra Cricket Association Stadium, Pune",Royal Challengers Bangalore,field,N,Rajasthan Royals,Runs,29.0,,R Parag,BNJ Oxenford,KN Ananthapadmanabhan
1304084.0,Mumbai,25-04-2022,2022,38,Punjab Kings,Chennai Super Kings,"Wankhede Stadium, Mumbai",Chennai Super Kings,field,N,Punjab Kings,Runs,11.0,,S Dhawan,M Erasmus,Tapan Sharma
1304083.0,Mumbai,24-04-2022,2022,37,Lucknow Super Giants,Mumbai Indians,"Wankhede Stadium, Mumbai",Mumbai Indians,field,N,Lucknow Super Giants,Runs,36.0,,KL Rahul,M Erasmus,HAS Khalid
1304082.0,Mumbai,23-04-2022,2022,36,Royal Challengers Bangalore,Sunrisers Hyderabad,"Brabourne Stadium, Mumbai",Sunrisers Hyderabad,field,N,Sunrisers Hyderabad,Wickets,9.0,,M Jansen,Chirra Ravikanthreddy,J Madanagopal
1304081.0,Navi Mumbai,23-04-2022,2022,35,Gujarat Titans,Kolkata Knight Riders,"Dr DY Patil Sports Academy, Mumbai",Gujarat Titans,bat,N,Gujarat Titans,Runs,8.0,,Rashid Khan,KN Ananthapadmanabhan,UV Gandhe
1304080.0,Mumbai,22-04-2022,2022,34,Rajasthan Royals,Delhi Capitals,"Wankhede Stadium, Mumbai",Delhi Capitals,field,N,Rajasthan Royals,Runs,15.0,,JC Buttler,NA Patwardhan,Nitin Menon
1304079.0,Navi Mumbai,21-04-2022,2022,33,Mumbai Indians,Chennai Super Kings,"Dr DY Patil Sports Academy, Mumbai",Chennai Super Kings,field,N,Chennai Super Kings,Wickets,3.0,,Mukesh Choudhary,BNJ Oxenford,UV Gandhe
1304078.0,Mumbai,20-04-2022,2022,32,Punjab Kings,Delhi Capitals,"Brabourne Stadium, Mumbai",Delhi Capitals,field,N,Delhi Capitals,Wickets,9.0,,Kuldeep Yadav,RJ Tucker,Tapan Sharma
1304077.0,Mumbai,19-04-2022,2022,31,Royal Challengers Bangalore,Lucknow Super Giants,"Dr DY Patil Sports Academy, Mumbai",Lucknow Super Giants,field,N,Royal Challengers Bangalore,Runs,18.0,,F du Plessis,CB Gaffaney,N Pandit
1304076.0,Mumbai,18-04-2022,2022,30,Rajasthan Royals,Kolkata Knight Riders,"Brabourne Stadium, Mumbai",Kolkata Knight Riders,field,N,Rajasthan Royals,Runs,7.0,,YS Chahal,GR Sadashiv Iyer,VK Sharma
1304075.0,Pune,17-04-2022,2022,29,Chennai Super Kings,Gujarat Titans,"Maharashtra Cricket Association Stadium, Pune",Gujarat Titans,field,N,Gujarat Titans,Wickets,3.0,,DA Miller,KN Ananthapadmanabhan,UV Gandhe
1304074.0,Mumbai,17-04-2022,2022,28,Punjab Kings,Sunrisers Hyderabad,"Dr DY Patil Sports Academy, Mumbai",Sunrisers Hyderabad,field,N,Sunrisers Hyderabad,Wickets,7.0,,Umran Malik,PG Pathak,R Pandit
1304073.0,Mumbai,16-04-2022,2022,27,Royal Challengers Bangalore,Delhi Capitals,"Wankhede Stadium, Mumbai",Delhi Capitals,field,N,Royal Challengers Bangalore,Runs,16.0,,KD Karthik,Chirra Ravikanthreddy,J Madanagopal
1304072.0,Mumbai,16-04-2022,2022,26,Lucknow Super Giants,Mumbai Indians,"Brabourne Stadium, Mumbai",Mumbai Indians,field,N,Lucknow Super Giants,Runs,18.0,,KL Rahul,AK Chaudhary,NA Patwardhan
1304071.0,Mumbai,15-04-2022,2022,25,Kolkata Knight Riders,Sunrisers Hyderabad,"Brabourne Stadium, Mumbai",Sunrisers Hyderabad,field,N,Sunrisers Hyderabad,Wickets,7.0,,RA Tripathi,GR Sadashiv Iyer,VK Sharma
1304070.0,Mumbai,14-04-2022,2022,24,Gujarat Titans,Rajasthan Royals,"Dr DY Patil Sports Academy, Mumbai",Rajasthan Royals,field,N,Gujarat Titans,Runs,37.0,,HH Pandya,CB Gaffaney,R Pandit
1304069.0,Pune,13-04-2022,2022,23,Punjab Kings,Mumbai Indians,"Maharashtra Cricket Association Stadium, Pune",Mumbai Indians,field,N,Punjab Kings,Runs,12.0,,MA Agarwal,BNJ Oxenford,UV Gandhe
1304068.0,Mumbai,12-04-2022,2022,22,Chennai Super Kings,Royal Challengers Bangalore,"Dr DY Patil Sports Academy, Mumbai",Royal Challengers Bangalore,field,N,Chennai Super Kings,Runs,23.0,,S Dube,Nitin Menon,N Pandit
1304067.0,Mumbai,11-04-2022,2022,21,Gujarat Titans,Sunrisers Hyderabad,"Dr DY Patil Sports Academy, Mumbai",Sunrisers Hyderabad,field,N,Sunrisers Hyderabad,Wickets,8.0,,KS Williamson,Chirra Ravikanthreddy,RJ Tucker
1304066.0,Mumbai,10-04-2022,2022,20,Rajasthan Royals,Lucknow Super Giants,"Wankhede Stadium, Mumbai",Lucknow Super Giants,field,N,Rajasthan Royals,Runs,3.0,,YS Chahal,AK Chaudhary,Tapan Sharma
1304065.0,Mumbai,10-04-2022,2022,19,Delhi Capitals,Kolkata Knight Riders,"Brabourne Stadium, Mumbai",Kolkata Knight Riders,field,N,Delhi Capitals,Runs,44.0,,Kuldeep Yadav,CB Gaffaney,J Madanagopal
1304064.0,Pune,09-04-2022,2022,18,Mumbai Indians,Royal Challengers Bangalore,"Maharashtra Cricket Association Stadium, Pune",Royal Challengers Bangalore,field,N,Royal Challengers Bangalore,Wickets,7.0,,Anuj Rawat,BNJ Oxenford,KN Ananthapadmanabhan
1304063.0,Mumbai,09-04-2022,2022,17,Chennai Super Kings,Sunrisers Hyderabad,"Dr DY Patil Sports Academy, Mumbai",Sunrisers Hyderabad,field,N,Sunrisers Hyderabad,Wickets,8.0,,Abhishek Sharma,Navdeep Singh,Nitin Menon
1304062.0,Mumbai,08-04-2022,2022,16,Punjab Kings,Gujarat Titans,"Brabourne Stadium, Mumbai",Gujarat Titans,field,N,Gujarat Titans,Wickets,6.0,,Shubman Gill,AK Chaudhary,VK Sharma
1304061.0,Mumbai,07-04-2022,2022,15,Delhi Capitals,Lucknow Super Giants,"Dr DY Patil Sports Academy, Mumbai",Lucknow Super Giants,field,N,Lucknow Super Giants,Wickets,6.0,,Q de Kock,RJ Tucker,Tapan Sharma
1304060.0,Pune,06-04-2022,2022,14,Mumbai Indians,Kolkata Knight Riders,"Maharashtra Cricket Association Stadium, Pune",Kolkata Knight Riders,field,N,Kolkata Knight Riders,Wickets,5.0,,PJ Cummins,BNJ Oxenford,KN Ananthapadmanabhan
1304059.0,Mumbai,05-04-2022,2022,13,Rajasthan Royals,Royal Challengers Bangalore,"Wankhede Stadium, Mumbai",Royal Challengers Bangalore,field,N,Royal Challengers Bangalore,Wickets,4.0,,KD Karthik,AK Chaudhary,HAS Khalid
1304058.0,Mumbai,04-04-2022,2022,12,Lucknow Super Giants,Sunrisers Hyderabad,"Dr DY Patil Sports Academy, Mumbai",Sunrisers Hyderabad,field,N,Lucknow Super Giants,Runs,12.0,,Avesh Khan,J Madanagopal,Navdeep Singh
1304057.0,Mumbai,03-04-2022,2022,11,Punjab Kings,Chennai Super Kings,"Brabourne Stadium, Mumbai",Chennai Super Kings,field,N,Punjab Kings,Runs,54.0,,LS Livingstone,RJ Tucker,YC Barde
1304056.0,Pune,02-04-2022,2022,10,Gujarat Titans,Delhi Capitals,"Maharashtra Cricket Association Stadium, Pune",Delhi Capitals,field,N,Gujarat Titans,Runs,14.0,,LH Ferguson,KN Ananthapadmanabhan,UV Gandhe
1304055.0,Mumbai,02-04-2022,2022,9,Rajasthan Royals,Mumbai Indians,"Dr DY Patil Sports Academy, Mumbai",Mumbai Indians,field,N,Rajasthan Royals,Runs,23.0,,JC Buttler,Nitin Menon,PG Pathak
1304054.0,Mumbai,01-04-2022,2022,8,Punjab Kings,Kolkata Knight Riders,"Wankhede Stadium, Mumbai",Kolkata Knight Riders,field,N,Kolkata Knight Riders,Wickets,6.0,,UT Yadav,AK Chaudhary,HAS Khalid
1304053.0,Mumbai,31-03-2022,2022,7,Chennai Super Kings,Lucknow Super Giants,"Brabourne Stadium, Mumbai",Lucknow Super Giants,field,N,Lucknow Super Giants,Wickets,6.0,,E Lewis,RJ Tucker,VK Sharma
1304052.0,Mumbai,30-03-2022,2022,6,Kolkata Knight Riders,Royal Challengers Bangalore,"Dr DY Patil Sports Academy, Mumbai",Royal Challengers Bangalore,field,N,Royal Challengers Bangalore,Wickets,3.0,,PWH de Silva,J Madanagopal,Navdeep Singh
1304051.0,Pune,29-03-2022,2022,5,Rajasthan Royals,Sunrisers Hyderabad,"Maharashtra Cricket Association Stadium, Pune",Sunrisers Hyderabad,field,N,Rajasthan Royals,Runs,61.0,,SV Samson,BNJ Oxenford,UV Gandhe
1304050.0,Mumbai,28-03-2022,2022,4,Lucknow Super Giants,Gujarat Titans,"Wankhede Stadium, Mumbai",Gujarat Titans,field,N,Gujarat Titans,Wickets,5.0,,Mohammed Shami,PG Pathak,VK Sharma
1304049.0,Mumbai,27-03-2022,2022,3,Royal Challengers Bangalore,Punjab Kings,"Dr DY Patil Sports Academy, Mumbai",Punjab Kings,field,N,Punjab Kings,Wickets,5.0,,OF Smith,Nitin Menon,YC Barde
1304048.0,Mumbai,27-03-2022,2022,2,Mumbai Indians,Delhi Capitals,"Brabourne Stadium, Mumbai",Delhi Capitals,field,N,Delhi Capitals,Wickets,4.0,,Kuldeep Yadav,RJ Tucker,HAS Khalid
1304047.0,Mumbai,26-03-2022,2022,1,Chennai Super Kings,Kolkata Knight Riders,"Wankhede Stadium, Mumbai",Kolkata Knight Riders,field,N,Kolkata Knight Riders,Wickets,6.0,,UT Yadav,AK Chaudhary,Nitin Menon
1254117.0,Dubai,15-10-2021,2021,Final,Chennai Super Kings,Kolkata Knight Riders,Dubai International Cricket Stadium,Kolkata Knight Riders,field,N,Chennai Super Kings,Runs,27.0,,F du Plessis,Nitin Menon,RK Illingworth
1254116.0,Sharjah,13-10-2021,2021,Qualifier 2,Delhi Capitals,Kolkata Knight Riders,Sharjah Cricket Stadium,Kolkata Knight Riders,field,N,Kolkata Knight Riders,Wickets,3.0,,VR Iyer,KN Ananthapadmanabhan,MA Gough
1254115.0,Sharjah,11-10-2021,2021,Eliminator,Royal Challengers Bangalore,Kolkata Knight Riders,Sharjah Cricket Stadium,Royal Challengers Bangalore,bat,N,Kolkata Knight Riders,Wickets,4.0,,SP Narine,CB Gaffaney,VK Sharma
1254114.0,Dubai,10-10-2021,2021,Qualifier 1,Delhi Capitals,Chennai Super Kings,Dubai International Cricket Stadium,Chennai Super Kings,field,N,Chennai Super Kings,Wickets,4.0,,RD Gaikwad,Nitin Menon,RK Illingworth
1254101.0,Dubai,08-10-2021,2021,56,Delhi Capitals,Royal Challengers Bangalore,Dubai International Cricket Stadium,Royal Challengers Bangalore,field,N,Royal Challengers Bangalore,Wickets,7.0,,KS Bharat,KN Ananthapadmanabhan,Nitin Menon
1254088.0,Abu Dhabi,08-10-2021,2021,55,Mumbai Indians,Sunrisers Hyderabad,"Zayed Cricket Stadium, Abu Dhabi",Mumbai Indians,bat,N,Mumbai Indians,Runs,42.0,,Ishan Kishan,Tapan Sharma,VK Sharma
1254106.0,Sharjah,07-10-2021,2021,54,Kolkata Knight Riders,Rajasthan Royals,Sharjah Cricket Stadium,Rajasthan Royals,field,N,Kolkata Knight Riders,Runs,86.0,,Shivam Mavi,MA Gough,HAS Khalid
1254094.0,Dubai,07-10-2021,2021,53,Chennai Super Kings,Punjab Kings,Dubai International Cricket Stadium,Punjab Kings,field,N,Punjab Kings,Wickets,6.0,,KL Rahul,K Srinivasan,RK Illingworth
1254095.0,Abu Dhabi,06-10-2021,2021,52,Sunrisers Hyderabad,Royal Challengers Bangalore,"Zayed Cricket Stadium, Abu Dhabi",Royal Challengers Bangalore,field,N,Sunrisers Hyderabad,Runs,4.0,,KS Williamson,S Ravi,UV Gandhe
1254093.0,Sharjah,05-10-2021,2021,51,Rajasthan Royals,Mumbai Indians,Sharjah Cricket Stadium,Mumbai Indians,field,N,Mumbai Indians,Wickets,8.0,,NM Coulter-Nile,AK Chaudhary,MA Gough
1254110.0,Dubai,04-10-2021,2021,50,Chennai Super Kings,Delhi Capitals,Dubai International Cricket Stadium,Delhi Capitals,field,N,Delhi Capitals,Wickets,3.0,,AR Patel,AK Chaudhary,Nitin Menon
1254090.0,Sharjah,03-10-2021,2021,48,Royal Challengers Bangalore,Punjab Kings,Sharjah Cricket Stadium,Royal Challengers Bangalore,bat,N,Royal Challengers Bangalore,Runs,6.0,,GJ Maxwell,KN Ananthapadmanabhan,RK Illingworth
1254109.0,Dubai,03-10-2021,2021,49,Sunrisers Hyderabad,Kolkata Knight Riders,Dubai International Cricket Stadium,Sunrisers Hyderabad,bat,N,Kolkata Knight Riders,Wickets,6.0,,Shubman Gill,J Madanagopal,MA Gough
1254112.0,Sharjah,02-10-2021,2021,46,Mumbai Indians,Delhi Capitals,Sharjah Cricket Stadium,Delhi Capitals,field,N,Delhi Capitals,Wickets,4.0,,AR Patel,AK Chaudhary,MA Gough
1254089.0,Abu Dhabi,02-10-2021,2021,47,Chennai Super Kings,Rajasthan Royals,"Zayed Cricket Stadium, Abu Dhabi",Rajasthan Royals,field,N,Rajasthan Royals,Wickets,7.0,,RD Gaikwad,CB Gaffaney,VK Sharma
1254102.0,Dubai,01-10-2021,2021,45,Kolkata Knight Riders,Punjab Kings,Dubai International Cricket Stadium,Punjab Kings,field,N,Punjab Kings,Wickets,5.0,,KL Rahul,KN Ananthapadmanabhan,RK Illingworth
1254091.0,Sharjah,30-09-2021,2021,44,Sunrisers Hyderabad,Chennai Super Kings,Sharjah Cricket Stadium,Chennai Super Kings,field,N,Chennai Super Kings,Wickets,6.0,,JR Hazlewood,Nitin Menon,YC Barde
1254103.0,Dubai,29-09-2021,2021,43,Rajasthan Royals,Royal Challengers Bangalore,Dubai International Cricket Stadium,Royal Challengers Bangalore,field,N,Royal Challengers Bangalore,Wickets,7.0,,YS Chahal,AY Dandekar,KN Ananthapadmanabhan
1254099.0,Abu Dhabi,28-09-2021,2021,42,Punjab Kings,Mumbai Indians,"Zayed Cricket Stadium, Abu Dhabi",Mumbai Indians,field,N,Mumbai Indians,Wickets,6.0,,KA Pollard,S Ravi,VK Sharma
1254092.0,Sharjah,28-09-2021,2021,41,Delhi Capitals,Kolkata Knight Riders,Sharjah Cricket Stadium,Kolkata Knight Riders,field,N,Kolkata Knight Riders,Wickets,3.0,,SP Narine,Nitin Menon,HAS Khalid
1254100.0,Dubai,27-09-2021,2021,40,Rajasthan Royals,Sunrisers Hyderabad,Dubai International Cricket Stadium,Rajasthan Royals,bat,N,Sunrisers Hyderabad,Wickets,7.0,,JJ Roy,KN Ananthapadmanabhan,Navdeep Singh
1254098.0,Abu Dhabi,26-09-2021,2021,38,Kolkata Knight Riders,Chennai Super Kings,"Zayed Cricket Stadium, Abu Dhabi",Kolkata Knight Riders,bat,N,Chennai Super Kings,Wickets,2.0,,RA Jadeja,CB Gaffaney,Tapan Sharma
1254108.0,Dubai,26-09-2021,2021,39,Royal Challengers Bangalore,Mumbai Indians,Dubai International Cricket Stadium,Mumbai Indians,field,N,Royal Challengers Bangalore,Runs,54.0,,GJ Maxwell,AK Chaudhary,MA Gough
1254097.0,Abu Dhabi,25-09-2021,2021,36,Delhi Capitals,Rajasthan Royals,"Zayed Cricket Stadium, Abu Dhabi",Rajasthan Royals,field,N,Delhi Capitals,Runs,33.0,,SS Iyer,CB Gaffaney,UV Gandhe
1254107.0,Sharjah,25-09-2021,2021,37,Punjab Kings,Sunrisers Hyderabad,Sharjah Cricket Stadium,Sunrisers Hyderabad,field,N,Punjab Kings,Runs,5.0,,JO Holder,RK Illingworth,YC Barde
1254113.0,Sharjah,24-09-2021,2021,35,Royal Challengers Bangalore,Chennai Super Kings,Sharjah Cricket Stadium,Chennai Super Kings,field,N,Chennai Super Kings,Wickets,6.0,,DJ Bravo,AK Chaudhary,Nitin Menon
1254096.0,Abu Dhabi,23-09-2021,2021,34,Mumbai Indians,Kolkata Knight Riders,"Zayed Cricket Stadium, Abu Dhabi",Kolkata Knight Riders,field,N,Kolkata Knight Riders,Wickets,7.0,,SP Narine,S Ravi,VK Sharma
1254105.0,Dubai,22-09-2021,2021,33,Sunrisers Hyderabad,Delhi Capitals,Dubai International Cricket Stadium,Sunrisers Hyderabad,bat,N,Delhi Capitals,Wickets,8.0,,A Nortje,KN Ananthapadmanabhan,RK Illingworth
1254111.0,Dubai,21-09-2021,2021,32,Rajasthan Royals,Punjab Kings,Dubai International Cricket Stadium,Punjab Kings,field,N,Rajasthan Royals,Runs,2.0,,Kartik Tyagi,AK Chaudhary,MA Gough
1254087.0,Abu Dhabi,20-09-2021,2021,31,Royal Challengers Bangalore,Kolkata Knight Riders,"Zayed Cricket Stadium, Abu Dhabi",Royal Challengers Bangalore,bat,N,Kolkata Knight Riders,Wickets,9.0,,CV Varun,CB Gaffaney,S Ravi
1254104.0,Dubai,19-09-2021,2021,30,Chennai Super Kings,Mumbai Indians,Dubai International Cricket Stadium,Chennai Super Kings,bat,N,Chennai Super Kings,Runs,20.0,,RD Gaikwad,Nitin Menon,RK Illingworth
1254086.0,Ahmedabad,02-05-2021,2021,29,Punjab Kings,Delhi Capitals,"Narendra Modi Stadium, Ahmedabad",Delhi Capitals,field,N,Delhi Capitals,Wickets,7.0,,MA Agarwal,AK Chaudhary,AY Dandekar
1254085.0,Delhi,02-05-2021,2021,28,Rajasthan Royals,Sunrisers Hyderabad,"Arun Jaitley Stadium, Delhi",Sunrisers Hyderabad,field,N,Rajasthan Royals,Runs,55.0,,JC Buttler,C Shamshuddin,CB Gaffaney
1254084.0,Delhi,01-05-2021,2021,27,Chennai Super Kings,Mumbai Indians,"Arun Jaitley Stadium, Delhi",Mumbai Indians,field,N,Mumbai Indians,Wickets,4.0,,KA Pollard,KN Ananthapadmanabhan,CK Nandan
1254083.0,Ahmedabad,30-04-2021,2021,26,Punjab Kings,Royal Challengers Bangalore,"Narendra Modi Stadium, Ahmedabad",Royal Challengers Bangalore,field,N,Punjab Kings,Runs,34.0,,Harpreet Brar,S Ravi,VK Sharma
1254082.0,Ahmedabad,29-04-2021,2021,25,Kolkata Knight Riders,Delhi Capitals,"Narendra Modi Stadium, Ahmedabad",Delhi Capitals,field,N,Delhi Capitals,Wickets,7.0,,PP Shaw,AK Chaudhary,YC Barde
1254081.0,Delhi,29-04-2021,2021,24,Rajasthan Royals,Mumbai Indians,"Arun Jaitley Stadium, Delhi",Mumbai Indians,field,N,Mumbai Indians,Wickets,7.0,,Q de Kock,CB Gaffaney,KN Ananthapadmanabhan
1254080.0,Delhi,28-04-2021,2021,23,Sunrisers Hyderabad,Chennai Super Kings,"Arun Jaitley Stadium, Delhi",Sunrisers Hyderabad,bat,N,Chennai Super Kings,Wickets,7.0,,RD Gaikwad,C Shamshuddin,CK Nandan
1254079.0,Ahmedabad,27-04-2021,2021,22,Royal Challengers Bangalore,Delhi Capitals,"Narendra Modi Stadium, Ahmedabad",Delhi Capitals,field,N,Royal Challengers Bangalore,Runs,1.0,,AB de Villiers,S Ravi,VK Sharma
1254078.0,Ahmedabad,26-04-2021,2021,21,Punjab Kings,Kolkata Knight Riders,"Narendra Modi Stadium, Ahmedabad",Kolkata Knight Riders,field,N,Kolkata Knight Riders,Wickets,5.0,,EJG Morgan,PR Reiffel,YC Barde
1254077.0,Chennai,25-04-2021,2021,20,Delhi Capitals,Sunrisers Hyderabad,"MA Chidambaram Stadium, Chepauk, Chennai",Delhi Capitals,bat,Y,Delhi Capitals,SuperOver,,,PP Shaw,CB Gaffaney,KN Ananthapadmanabhan
1254076.0,Mumbai,25-04-2021,2021,19,Chennai Super Kings,Royal Challengers Bangalore,"Wankhede Stadium, Mumbai",Chennai Super Kings,bat,N,Chennai Super Kings,Runs,69.0,,RA Jadeja,AK Chaudhary,VK Sharma
1254075.0,Mumbai,24-04-2021,2021,18,Kolkata Knight Riders,Rajasthan Royals,"Wankhede Stadium, Mumbai",Rajasthan Royals,field,N,Rajasthan Royals,Wickets,6.0,,CH Morris,Navdeep Singh,S Ravi
1254074.0,Chennai,23-04-2021,2021,17,Mumbai Indians,Punjab Kings,"MA Chidambaram Stadium, Chepauk, Chennai",Punjab Kings,field,N,Punjab Kings,Wickets,9.0,,KL Rahul,C Shamshuddin,Nitin Menon
1254073.0,Mumbai,22-04-2021,2021,16,Rajasthan Royals,Royal Challengers Bangalore,"Wankhede Stadium, Mumbai",Royal Challengers Bangalore,field,N,Royal Challengers Bangalore,Wickets,10.0,,D Padikkal,J Madanagopal,S Ravi
1254072.0,Mumbai,21-04-2021,2021,15,Chennai Super Kings,Kolkata Knight Riders,"Wankhede Stadium, Mumbai",Kolkata Knight Riders,field,N,Chennai Super Kings,Runs,18.0,,F du Plessis,AY Dandekar,PR Reiffel
1254071.0,Chennai,21-04-2021,2021,14,Punjab Kings,Sunrisers Hyderabad,"MA Chidambaram Stadium, Chepauk, Chennai",Punjab Kings,bat,N,Sunrisers Hyderabad,Wickets,9.0,,JM Bairstow,K Srinivasan,Nitin Menon
1254070.0,Chennai,20-04-2021,2021,13,Mumbai Indians,Delhi Capitals,"MA Chidambaram Stadium, Chepauk, Chennai",Mumbai Indians,bat,N,Delhi Capitals,Wickets,6.0,,A Mishra,C Shamshuddin,CB Gaffaney
1254069.0,Mumbai,19-04-2021,2021,12,Chennai Super Kings,Rajasthan Royals,"Wankhede Stadium, Mumbai",Rajasthan Royals,field,N,Chennai Super Kings,Runs,45.0,,MM Ali,PR Reiffel,VK Sharma
1254068.0,Mumbai,18-04-2021,2021,11,Punjab Kings,Delhi Capitals,"Wankhede Stadium, Mumbai",Delhi Capitals,field,N,Delhi Capitals,Wickets,6.0,,S Dhawan,AK Chaudhary,PR Reiffel
1254067.0,Chennai,18-04-2021,2021,10,Royal Challengers Bangalore,Kolkata Knight Riders,"MA Chidambaram Stadium, Chepauk, Chennai",Royal Challengers Bangalore,bat,N,Royal Challengers Bangalore,Runs,38.0,,AB de Villiers,C Shamshuddin,Nitin Menon
1254066.0,Chennai,17-04-2021,2021,9,Mumbai Indians,Sunrisers Hyderabad,"MA Chidambaram Stadium, Chepauk, Chennai",Mumbai Indians,bat,N,Mumbai Indians,Runs,13.0,,KA Pollard,CB Gaffaney,K Srinivasan
1254065.0,Mumbai,16-04-2021,2021,8,Punjab Kings,Chennai Super Kings,"Wankhede Stadium, Mumbai",Chennai Super Kings,field,N,Chennai Super Kings,Wickets,6.0,,DL Chahar,AK Chaudhary,AY Dandekar
1254064.0,Mumbai,15-04-2021,2021,7,Delhi Capitals,Rajasthan Royals,"Wankhede Stadium, Mumbai",Rajasthan Royals,field,N,Rajasthan Royals,Wickets,3.0,,JD Unadkat,S Ravi,VK Sharma
1254063.0,Chennai,14-04-2021,2021,6,Royal Challengers Bangalore,Sunrisers Hyderabad,"MA Chidambaram Stadium, Chepauk, Chennai",Sunrisers Hyderabad,field,N,Royal Challengers Bangalore,Runs,6.0,,GJ Maxwell,Nitin Menon,UV Gandhe
1254062.0,Chennai,13-04-2021,2021,5,Mumbai Indians,Kolkata Knight Riders,"MA Chidambaram Stadium, Chepauk, Chennai",Kolkata Knight Riders,field,N,Mumbai Indians,Runs,10.0,,RD Chahar,C Shamshuddin,CB Gaffaney
1254061.0,Mumbai,12-04-2021,2021,4,Punjab Kings,Rajasthan Royals,"Wankhede Stadium, Mumbai",Rajasthan Royals,field,N,Punjab Kings,Runs,4.0,,SV Samson,AK Chaudhary,S Ravi
1254060.0,Chennai,11-04-2021,2021,3,Kolkata Knight Riders,Sunrisers Hyderabad,"MA Chidambaram Stadium, Chepauk, Chennai",Sunrisers Hyderabad,field,N,Kolkata Knight Riders,Runs,10.0,,N Rana,KN Ananthapadmanabhan,Nitin Menon
1254059.0,Mumbai,10-04-2021,2021,2,Chennai Super Kings,Delhi Capitals,"Wankhede Stadium, Mumbai",Delhi Capitals,field,N,Delhi Capitals,Wickets,7.0,,S Dhawan,AK Chaudhary,VK Sharma
1254058.0,Chennai,09-04-2021,2021,1,Mumbai Indians,Royal Challengers Bangalore,"MA Chidambaram Stadium, Chepauk, Chennai",Royal Challengers Bangalore,field,N,Royal Challengers Bangalore,Wickets,2.0,,HV Patel,KN Ananthapadmanabhan,Nitin Menon
1237181.0,,10-11-2020,2020/21,Final,Delhi Capitals,Mumbai Indians,Dubai International Cricket Stadium,Delhi Capitals,bat,N,Mumbai Indians,Wickets,5.0,,TA Boult,CB Gaffaney,Nitin Menon
1237180.0,Abu Dhabi,08-11-2020,2020/21,Qualifier 2,Delhi Capitals,Sunrisers Hyderabad,Sheikh Zayed Stadium,Delhi Capitals,bat,N,Delhi Capitals,Runs,17.0,,MP Stoinis,PR Reiffel,S Ravi
1237178.0,Abu Dhabi,06-11-2020,2020/21,Eliminator,Royal Challengers Bangalore,Sunrisers Hyderabad,Sheikh Zayed Stadium,Sunrisers Hyderabad,field,N,Sunrisers Hyderabad,Wickets,6.0,,KS Williamson,PR Reiffel,S Ravi
1237177.0,,05-11-2020,2020/21,Qualifier 1,Mumbai Indians,Delhi Capitals,Dubai International Cricket Stadium,Delhi Capitals,field,N,Mumbai Indians,Runs,57.0,,JJ Bumrah,CB Gaffaney,Nitin Menon
1216495.0,,03-11-2020,2020/21,56,Mumbai Indians,Sunrisers Hyderabad,Sharjah Cricket Stadium,Sunrisers Hyderabad,field,N,Sunrisers Hyderabad,Wickets,10.0,,S Nadeem,C Shamshuddin,RK Illingworth
1216505.0,Abu Dhabi,02-11-2020,2020/21,55,Royal Challengers Bangalore,Delhi Capitals,Sheikh Zayed Stadium,Delhi Capitals,field,N,Delhi Capitals,Wickets,6.0,,A Nortje,CB Gaffaney,S Ravi
1216530.0,,01-11-2020,2020/21,54,Kolkata Knight Riders,Rajasthan Royals,Dubai International Cricket Stadium,Rajasthan Royals,field,N,Kolkata Knight Riders,Runs,60.0,,PJ Cummins,Nitin Menon,PR Reiffel
1216506.0,Abu Dhabi,01-11-2020,2020/21,53,Kings XI Punjab,Chennai Super Kings,Sheikh Zayed Stadium,Chennai Super Kings,field,N,Chennai Super Kings,Wickets,9.0,,RD Gaikwad,PG Pathak,VK Sharma
1216535.0,,31-10-2020,2020/21,51,Delhi Capitals,Mumbai Indians,Dubai International Cricket Stadium,Mumbai Indians,field,N,Mumbai Indians,Wickets,9.0,,Ishan Kishan,YC Barde,PR Reiffel
1216502.0,,31-10-2020,2020/21,52,Royal Challengers Bangalore,Sunrisers Hyderabad,Sharjah Cricket Stadium,Sunrisers Hyderabad,field,N,Sunrisers Hyderabad,Wickets,5.0,,Sandeep Sharma,KN Ananthapadmanabhan,K Srinivasan
1216537.0,Abu Dhabi,30-10-2020,2020/21,50,Kings XI Punjab,Rajasthan Royals,Sheikh Zayed Stadium,Rajasthan Royals,field,N,Rajasthan Royals,Wickets,7.0,,BA Stokes,CB Gaffaney,S Ravi
1216536.0,,29-10-2020,2020/21,49,Kolkata Knight Riders,Chennai Super Kings,Dubai International Cricket Stadium,Chennai Super Kings,field,N,Chennai Super Kings,Wickets,6.0,,RD Gaikwad,C Shamshuddin,RK Illingworth
1216499.0,Abu Dhabi,28-10-2020,2020/21,48,Royal Challengers Bangalore,Mumbai Indians,Sheikh Zayed Stadium,Mumbai Indians,field,N,Mumbai Indians,Wickets,5.0,,SA Yadav,UV Gandhe,CB Gaffaney
1216524.0,,27-10-2020,2020/21,47,Sunrisers Hyderabad,Delhi Capitals,Dubai International Cricket Stadium,Delhi Capitals,field,N,Sunrisers Hyderabad,Runs,88.0,,WP Saha,AK Chaudhary,Nitin Menon
1216520.0,,26-10-2020,2020/21,46,Kolkata Knight Riders,Kings XI Punjab,Sharjah Cricket Stadium,Kings XI Punjab,field,N,Kings XI Punjab,Wickets,8.0,,CH Gayle,KN Ananthapadmanabhan,RK Illingworth
1216541.0,Abu Dhabi,25-10-2020,2020/21,45,Mumbai Indians,Rajasthan Royals,Sheikh Zayed Stadium,Mumbai Indians,bat,N,Rajasthan Royals,Wickets,8.0,,BA Stokes,UV Gandhe,VK Sharma
1216544.0,,25-10-2020,2020/21,44,Royal Challengers Bangalore,Chennai Super Kings,Dubai International Cricket Stadium,Royal Challengers Bangalore,bat,N,Chennai Super Kings,Wickets,8.0,,RD Gaikwad,C Shamshuddin,RK Illingworth
1216498.0,,24-10-2020,2020/21,43,Kings XI Punjab,Sunrisers Hyderabad,Dubai International Cricket Stadium,Sunrisers Hyderabad,field,N,Kings XI Punjab,Runs,12.0,,CJ Jordan,AY Dandekar,PR Reiffel
1216497.0,Abu Dhabi,24-10-2020,2020/21,42,Kolkata Knight Riders,Delhi Capitals,Sheikh Zayed Stadium,Delhi Capitals,field,N,Kolkata Knight Riders,Runs,59.0,,CV Varun,CB Gaffaney,PG Pathak
1216521.0,,23-10-2020,2020/21,41,Chennai Super Kings,Mumbai Indians,Sharjah Cricket Stadium,Mumbai Indians,field,N,Mumbai Indians,Wickets,10.0,,TA Boult,C Shamshuddin,VA Kulkarni
1216518.0,,22-10-2020,2020/21,40,Rajasthan Royals,Sunrisers Hyderabad,Dubai International Cricket Stadium,Sunrisers Hyderabad,field,N,Sunrisers Hyderabad,Wickets,8.0,,MK Pandey,Nitin Menon,PR Reiffel
1216494.0,Abu Dhabi,21-10-2020,2020/21,39,Kolkata Knight Riders,Royal Challengers Bangalore,Sheikh Zayed Stadium,Kolkata Knight Riders,bat,N,Royal Challengers Bangalore,Wickets,8.0,,Mohammed Siraj,VK Sharma,S Ravi
1216546.0,,20-10-2020,2020/21,38,Delhi Capitals,Kings XI Punjab,Dubai International Cricket Stadium,Delhi Capitals,bat,N,Kings XI Punjab,Wickets,5.0,,S Dhawan,C Shamshuddin,RK Illingworth
1216533.0,Abu Dhabi,19-10-2020,2020/21,37,Chennai Super Kings,Rajasthan Royals,Sheikh Zayed Stadium,Chennai Super Kings,bat,N,Rajasthan Royals,Wickets,7.0,,JC Buttler,CB Gaffaney,VK Sharma
1216512.0,Abu Dhabi,18-10-2020,2020/21,35,Kolkata Knight Riders,Sunrisers Hyderabad,Sheikh Zayed Stadium,Sunrisers Hyderabad,field,Y,Kolkata Knight Riders,SuperOver,,,LH Ferguson,PG Pathak,S Ravi
1216517.0,,18-10-2020,2020/21,36,Mumbai Indians,Kings XI Punjab,Dubai International Cricket Stadium,Mumbai Indians,bat,Y,Kings XI Punjab,SuperOver,,,KL Rahul,Nitin Menon,PR Reiffel
1216522.0,,17-10-2020,2020/21,33,Rajasthan Royals,Royal Challengers Bangalore,Dubai International Cricket Stadium,Rajasthan Royals,bat,N,Royal Challengers Bangalore,Wickets,7.0,,AB de Villiers,AK Chaudhary,Nitin Menon
1216509.0,,17-10-2020,2020/21,34,Chennai Super Kings,Delhi Capitals,Sharjah Cricket Stadium,Chennai Super Kings,bat,N,Delhi Capitals,Wickets,5.0,,S Dhawan,KN Ananthapadmanabhan,RK Illingworth
1216526.0,Abu Dhabi,16-10-2020,2020/21,32,Kolkata Knight Riders,Mumbai Indians,Sheikh Zayed Stadium,Kolkata Knight Riders,bat,N,Mumbai Indians,Wickets,8.0,,Q de Kock,CB Gaffaney,VK Sharma
1216531.0,,15-10-2020,2020/21,31,Royal Challengers Bangalore,Kings XI Punjab,Sharjah Cricket Stadium,Royal Challengers Bangalore,bat,N,Kings XI Punjab,Wickets,8.0,,KL Rahul,KN Ananthapadmanabhan,C Shamshuddin
1216543.0,,14-10-2020,2020/21,30,Delhi Capitals,Rajasthan Royals,Dubai International Cricket Stadium,Delhi Capitals,bat,N,Delhi Capitals,Runs,13.0,,A Nortje,AK Chaudhary,Nitin Menon
1216528.0,,13-10-2020,2020/21,29,Chennai Super Kings,Sunrisers Hyderabad,Dubai International Cricket Stadium,Chennai Super Kings,bat,N,Chennai Super Kings,Runs,20.0,,RA Jadeja,AK Chaudhary,PR Reiffel
1216540.0,,12-10-2020,2020/21,28,Royal Challengers Bangalore,Kolkata Knight Riders,Sharjah Cricket Stadium,Royal Challengers Bangalore,bat,N,Royal Challengers Bangalore,Runs,82.0,,AB de Villiers,RK Illingworth,K Srinivasan
1216507.0,,11-10-2020,2020/21,26,Sunrisers Hyderabad,Rajasthan Royals,Dubai International Cricket Stadium,Sunrisers Hyderabad,bat,N,Rajasthan Royals,Wickets,5.0,,R Tewatia,YC Barde,PR Reiffel
1216529.0,Abu Dhabi,11-10-2020,2020/21,27,Delhi Capitals,Mumbai Indians,Sheikh Zayed Stadium,Delhi Capitals,bat,N,Mumbai Indians,Wickets,5.0,,Q de Kock,CB Gaffaney,S Ravi
1216523.0,Abu Dhabi,10-10-2020,2020/21,24,Kolkata Knight Riders,Kings XI Punjab,Sheikh Zayed Stadium,Kolkata Knight Riders,bat,N,Kolkata Knight Riders,Runs,2.0,,KD Karthik,UV Gandhe,CB Gaffaney
1216525.0,,10-10-2020,2020/21,25,Royal Challengers Bangalore,Chennai Super Kings,Dubai International Cricket Stadium,Royal Challengers Bangalore,bat,N,Royal Challengers Bangalore,Runs,37.0,,V Kohli,AK Chaudhary,PR Reiffel
1216500.0,,09-10-2020,2020/21,23,Delhi Capitals,Rajasthan Royals,Sharjah Cricket Stadium,Rajasthan Royals,field,N,Delhi Capitals,Runs,46.0,,R Ashwin,KN Ananthapadmanabhan,C Shamshuddin
1216542.0,,08-10-2020,2020/21,22,Sunrisers Hyderabad,Kings XI Punjab,Dubai International Cricket Stadium,Sunrisers Hyderabad,bat,N,Sunrisers Hyderabad,Runs,69.0,,JM Bairstow,AK Chaudhary,Nitin Menon
1216501.0,Abu Dhabi,07-10-2020,2020/21,21,Kolkata Knight Riders,Chennai Super Kings,Sheikh Zayed Stadium,Kolkata Knight Riders,bat,N,Kolkata Knight Riders,Runs,10.0,,RA Tripathi,KN Ananthapadmanabhan,RK Illingworth
1216511.0,Abu Dhabi,06-10-2020,2020/21,20,Mumbai Indians,Rajasthan Royals,Sheikh Zayed Stadium,Mumbai Indians,bat,N,Mumbai Indians,Runs,57.0,,SA Yadav,VK Sharma,S Ravi
1216519.0,,05-10-2020,2020/21,19,Delhi Capitals,Royal Challengers Bangalore,Dubai International Cricket Stadium,Royal Challengers Bangalore,field,N,Delhi Capitals,Runs,59.0,,AR Patel,Nitin Menon,YC Barde
1216513.0,,04-10-2020,2020/21,18,Kings XI Punjab,Chennai Super Kings,Dubai International Cricket Stadium,Kings XI Punjab,bat,N,Chennai Super Kings,Wickets,10.0,,SR Watson,AY Dandekar,Nitin Menon
1216538.0,,04-10-2020,2020/21,17,Mumbai Indians,Sunrisers Hyderabad,Sharjah Cricket Stadium,Mumbai Indians,bat,N,Mumbai Indians,Runs,34.0,,TA Boult,KN Ananthapadmanabhan,RK Illingworth
1216514.0,Abu Dhabi,03-10-2020,2020/21,15,Rajasthan Royals,Royal Challengers Bangalore,Sheikh Zayed Stadium,Rajasthan Royals,bat,N,Royal Challengers Bangalore,Wickets,8.0,,YS Chahal,CB Gaffaney,S Ravi
1216515.0,,03-10-2020,2020/21,16,Delhi Capitals,Kolkata Knight Riders,Sharjah Cricket Stadium,Kolkata Knight Riders,field,N,Delhi Capitals,Runs,18.0,,SS Iyer,VA Kulkarni,RK Illingworth
1216516.0,,02-10-2020,2020/21,14,Sunrisers Hyderabad,Chennai Super Kings,Dubai International Cricket Stadium,Sunrisers Hyderabad,bat,N,Sunrisers Hyderabad,Runs,7.0,,PK Garg,AK Chaudhary,PR Reiffel
1216503.0,Abu Dhabi,01-10-2020,2020/21,13,Mumbai Indians,Kings XI Punjab,Sheikh Zayed Stadium,Kings XI Punjab,field,N,Mumbai Indians,Runs,48.0,,KA Pollard,VK Sharma,S Ravi
1216504.0,,30-09-2020,2020/21,12,Kolkata Knight Riders,Rajasthan Royals,Dubai International Cricket Stadium,Rajasthan Royals,field,N,Kolkata Knight Riders,Runs,37.0,,Shivam Mavi,KN Ananthapadmanabhan,C Shamshuddin
1216532.0,Abu Dhabi,29-09-2020,2020/21,11,Sunrisers Hyderabad,Delhi Capitals,Sheikh Zayed Stadium,Delhi Capitals,field,N,Sunrisers Hyderabad,Runs,15.0,,Rashid Khan,VK Sharma,S Ravi
1216547.0,,28-09-2020,2020/21,10,Royal Challengers Bangalore,Mumbai Indians,Dubai International Cricket Stadium,Mumbai Indians,field,Y,Royal Challengers Bangalore,SuperOver,,,AB de Villiers,Nitin Menon,PR Reiffel
1216527.0,,27-09-2020,2020/21,9,Kings XI Punjab,Rajasthan Royals,Sharjah Cricket Stadium,Rajasthan Royals,field,N,Rajasthan Royals,Wickets,4.0,,SV Samson,RK Illingworth,K Srinivasan
1216545.0,Abu Dhabi,26-09-2020,2020/21,8,Sunrisers Hyderabad,Kolkata Knight Riders,Sheikh Zayed Stadium,Sunrisers Hyderabad,bat,N,Kolkata Knight Riders,Wickets,7.0,,Shubman Gill,CB Gaffaney,VK Sharma
1216539.0,,25-09-2020,2020/21,7,Delhi Capitals,Chennai Super Kings,Dubai International Cricket Stadium,Chennai Super Kings,field,N,Delhi Capitals,Runs,44.0,,PP Shaw,KN Ananthapadmanabhan,RK Illingworth
1216510.0,,24-09-2020,2020/21,6,Kings XI Punjab,Royal Challengers Bangalore,Dubai International Cricket Stadium,Royal Challengers Bangalore,field,N,Kings XI Punjab,Runs,97.0,,KL Rahul,AK Chaudhary,PR Reiffel
1216508.0,Abu Dhabi,23-09-2020,2020/21,5,Mumbai Indians,Kolkata Knight Riders,Sheikh Zayed Stadium,Kolkata Knight Riders,field,N,Mumbai Indians,Runs,49.0,,RG Sharma,CB Gaffaney,S Ravi
1216496.0,,22-09-2020,2020/21,4,Rajasthan Royals,Chennai Super Kings,Sharjah Cricket Stadium,Chennai Super Kings,field,N,Rajasthan Royals,Runs,16.0,,SV Samson,C Shamshuddin,VA Kulkarni
1216534.0,,21-09-2020,2020/21,3,Royal Challengers Bangalore,Sunrisers Hyderabad,Dubai International Cricket Stadium,Sunrisers Hyderabad,field,N,Royal Challengers Bangalore,Runs,10.0,,YS Chahal,AY Dandekar,Nitin Menon
1216493.0,,20-09-2020,2020/21,2,Delhi Capitals,Kings XI Punjab,Dubai International Cricket Stadium,Kings XI Punjab,field,Y,Delhi Capitals,SuperOver,,,MP Stoinis,AK Chaudhary,Nitin Menon
1216492.0,Abu Dhabi,19-09-2020,2020/21,1,Mumbai Indians,Chennai Super Kings,Sheikh Zayed Stadium,Chennai Super Kings,field,N,Chennai Super Kings,Wickets,5.0,,AT Rayudu,CB Gaffaney,VK Sharma
1181768.0,Hyderabad,12-05-2019,2019,Final,Mumbai Indians,Chennai Super Kings,Rajiv Gandhi International Stadium,Mumbai Indians,bat,N,Mumbai Indians,Runs,1.0,,JJ Bumrah,IJ Gould,Nitin Menon
1181767.0,Visakhapatnam,10-05-2019,2019,Qualifier,Delhi Capitals,Chennai Super Kings,Dr. Y.S. Rajasekhara Reddy ACA-VDCA Cricket Stadium,Chennai Super Kings,field,N,Chennai Super Kings,Wickets,6.0,,F du Plessis,BNJ Oxenford,S Ravi
1181766.0,Visakhapatnam,08-05-2019,2019,Eliminator,Sunrisers Hyderabad,Delhi Capitals,Dr. Y.S. Rajasekhara Reddy ACA-VDCA Cricket Stadium,Delhi Capitals,field,N,Delhi Capitals,Wickets,2.0,,RR Pant,BNJ Oxenford,S Ravi
1181764.0,Chennai,07-05-2019,2019,Qualifier,Chennai Super Kings,Mumbai Indians,MA Chidambaram Stadium,Chennai Super Kings,bat,N,Mumbai Indians,Wickets,6.0,,SA Yadav,NJ Llong,Nitin Menon
1178430.0,Chandigarh,05-05-2019,2019,55,Chennai Super Kings,Kings XI Punjab,Punjab Cricket Association IS Bindra Stadium,Kings XI Punjab,field,N,Kings XI Punjab,Wickets,6.0,,KL Rahul,C Shamshuddin,KN Ananthapadmanabhan
1178431.0,Mumbai,05-05-2019,2019,56,Kolkata Knight Riders,Mumbai Indians,Wankhede Stadium,Mumbai Indians,field,N,Mumbai Indians,Wickets,9.0,,HH Pandya,A Nand Kishore,CK Nandan
1178429.0,Bengaluru,04-05-2019,2019,54,Sunrisers Hyderabad,Royal Challengers Bangalore,M.Chinnaswamy Stadium,Royal Challengers Bangalore,field,N,Royal Challengers Bangalore,Wickets,4.0,,SO Hetmyer,AK Chaudhary,NJ Llong
1178428.0,Delhi,04-05-2019,2019,53,Rajasthan Royals,Delhi Capitals,Arun Jaitley Stadium,Rajasthan Royals,bat,N,Delhi Capitals,Wickets,5.0,,A Mishra,AY Dandekar,IJ Gould
1178427.0,Chandigarh,03-05-2019,2019,52,Kings XI Punjab,Kolkata Knight Riders,Punjab Cricket Association IS Bindra Stadium,Kolkata Knight Riders,field,N,Kolkata Knight Riders,Wickets,7.0,,Shubman Gill,BNJ Oxenford,C Shamshuddin
1178426.0,Mumbai,02-05-2019,2019,51,Mumbai Indians,Sunrisers Hyderabad,Wankhede Stadium,Mumbai Indians,bat,Y,Mumbai Indians,SuperOver,,,JJ Bumrah,CK Nandan,S Ravi
1178425.0,Chennai,01-05-2019,2019,50,Chennai Super Kings,Delhi Capitals,MA Chidambaram Stadium,Delhi Capitals,field,N,Chennai Super Kings,Runs,80.0,,MS Dhoni,AY Dandekar,Nitin Menon
1178424.0,Bengaluru,30-04-2019,2019,49,Royal Challengers Bangalore,Rajasthan Royals,M.Chinnaswamy Stadium,Rajasthan Royals,field,,,NoResults,,,,NJ Llong,UV Gandhe
1178423.0,Hyderabad,29-04-2019,2019,48,Sunrisers Hyderabad,Kings XI Punjab,Rajiv Gandhi International Stadium,Kings XI Punjab,field,N,Sunrisers Hyderabad,Runs,45.0,,DA Warner,CK Nandan,S Ravi
1178422.0,Kolkata,28-04-2019,2019,47,Kolkata Knight Riders,Mumbai Indians,Eden Gardens,Mumbai Indians,field,N,Kolkata Knight Riders,Runs,34.0,,AD Russell,IJ Gould,Nitin Menon
1178421.0,Delhi,28-04-2019,2019,46,Delhi Capitals,Royal Challengers Bangalore,Arun Jaitley Stadium,Delhi Capitals,bat,N,Delhi Capitals,Runs,16.0,,S Dhawan,BNJ Oxenford,KN Ananthapadmanabhan
1178420.0,Jaipur,27-04-2019,2019,45,Sunrisers Hyderabad,Rajasthan Royals,Sawai Mansingh Stadium,Rajasthan Royals,field,N,Rajasthan Royals,Wickets,7.0,,JD Unadkat,A Nand Kishore,YC Barde
1178419.0,Chennai,26-04-2019,2019,44,Mumbai Indians,Chennai Super Kings,MA Chidambaram Stadium,Chennai Super Kings,field,N,Mumbai Indians,Runs,46.0,,RG Sharma,AK Chaudhary,NJ Llong
1178418.0,Kolkata,25-04-2019,2019,43,Kolkata Knight Riders,Rajasthan Royals,Eden Gardens,Rajasthan Royals,field,N,Rajasthan Royals,Wickets,3.0,,VR Aaron,AY Dandekar,IJ Gould
1178417.0,Bengaluru,24-04-2019,2019,42,Royal Challengers Bangalore,Kings XI Punjab,M.Chinnaswamy Stadium,Kings XI Punjab,field,N,Royal Challengers Bangalore,Runs,17.0,,AB de Villiers,BNJ Oxenford,C Shamshuddin
1178416.0,Chennai,23-04-2019,2019,41,Sunrisers Hyderabad,Chennai Super Kings,MA Chidambaram Stadium,Chennai Super Kings,field,N,Chennai Super Kings,Wickets,6.0,,SR Watson,AK Chaudhary,NJ Llong
1178415.0,Jaipur,22-04-2019,2019,40,Rajasthan Royals,Delhi Capitals,Sawai Mansingh Stadium,Delhi Capitals,field,N,Delhi Capitals,Wickets,6.0,,RR Pant,A Nand Kishore,S Ravi
1178413.0,Hyderabad,21-04-2019,2019,38,Kolkata Knight Riders,Sunrisers Hyderabad,Rajiv Gandhi International Stadium,Sunrisers Hyderabad,field,N,Sunrisers Hyderabad,Wickets,9.0,,KK Ahmed,NJ Llong,Nitin Menon
1178414.0,Bengaluru,21-04-2019,2019,39,Royal Challengers Bangalore,Chennai Super Kings,M.Chinnaswamy Stadium,Chennai Super Kings,field,N,Royal Challengers Bangalore,Runs,1.0,,PA Patel,RJ Tucker,VA Kulkarni
1178412.0,Delhi,20-04-2019,2019,37,Kings XI Punjab,Delhi Capitals,Arun Jaitley Stadium,Delhi Capitals,field,N,Delhi Capitals,Wickets,5.0,,SS Iyer,C Shamshuddin,UV Gandhe
1178411.0,Jaipur,20-04-2019,2019,36,Mumbai Indians,Rajasthan Royals,Sawai Mansingh Stadium,Rajasthan Royals,field,N,Rajasthan Royals,Wickets,5.0,,SPD Smith,S Ravi,YC Barde
1178410.0,Kolkata,19-04-2019,2019,35,Royal Challengers Bangalore,Kolkata Knight Riders,Eden Gardens,Kolkata Knight Riders,field,N,Royal Challengers Bangalore,Runs,10.0,,V Kohli,IJ Gould,Nitin Menon
1178409.0,Delhi,18-04-2019,2019,34,Mumbai Indians,Delhi Capitals,Arun Jaitley Stadium,Mumbai Indians,bat,N,Mumbai Indians,Runs,40.0,,HH Pandya,BNJ Oxenford,NJ Llong
1178408.0,Hyderabad,17-04-2019,2019,33,Chennai Super Kings,Sunrisers Hyderabad,Rajiv Gandhi International Stadium,Chennai Super Kings,bat,N,Sunrisers Hyderabad,Wickets,6.0,,DA Warner,IJ Gould,UV Gandhe
1178407.0,Chandigarh,16-04-2019,2019,32,Kings XI Punjab,Rajasthan Royals,Punjab Cricket Association IS Bindra Stadium,Rajasthan Royals,field,N,Kings XI Punjab,Runs,12.0,,R Ashwin,AK Chaudhary,VA Kulkarni
1178406.0,Mumbai,15-04-2019,2019,31,Royal Challengers Bangalore,Mumbai Indians,Wankhede Stadium,Mumbai Indians,field,N,Mumbai Indians,Wickets,5.0,,SL Malinga,M Erasmus,Nitin Menon
1178404.0,Kolkata,14-04-2019,2019,29,Kolkata Knight Riders,Chennai Super Kings,Eden Gardens,Chennai Super Kings,field,N,Chennai Super Kings,Wickets,5.0,,Imran Tahir,CK Nandan,RJ Tucker
1178405.0,Hyderabad,14-04-2019,2019,30,Delhi Capitals,Sunrisers Hyderabad,Rajiv Gandhi International Stadium,Sunrisers Hyderabad,field,N,Delhi Capitals,Runs,39.0,,KMA Paul,AK Chaudhary,BNJ Oxenford
1178402.0,Mumbai,13-04-2019,2019,27,Mumbai Indians,Rajasthan Royals,Wankhede Stadium,Rajasthan Royals,field,N,Rajasthan Royals,Wickets,4.0,,JC Buttler,A Nand Kishore,Nitin Menon
1178403.0,Chandigarh,13-04-2019,2019,28,Kings XI Punjab,Royal Challengers Bangalore,Punjab Cricket Association IS Bindra Stadium,Royal Challengers Bangalore,field,N,Royal Challengers Bangalore,Wickets,8.0,,AB de Villiers,S Ravi,UV Gandhe
1178401.0,Kolkata,12-04-2019,2019,26,Kolkata Knight Riders,Delhi Capitals,Eden Gardens,Delhi Capitals,field,N,Delhi Capitals,Wickets,7.0,,S Dhawan,CK Nandan,YC Barde
1178400.0,Jaipur,11-04-2019,2019,25,Rajasthan Royals,Chennai Super Kings,Sawai Mansingh Stadium,Chennai Super Kings,field,N,Chennai Super Kings,Wickets,4.0,,MS Dhoni,BNJ Oxenford,UV Gandhe
1178399.0,Mumbai,10-04-2019,2019,24,Kings XI Punjab,Mumbai Indians,Wankhede Stadium,Mumbai Indians,field,N,Mumbai Indians,Wickets,3.0,,KA Pollard,S Ravi,YC Barde
1178398.0,Chennai,09-04-2019,2019,23,Kolkata Knight Riders,Chennai Super Kings,MA Chidambaram Stadium,Chennai Super Kings,field,N,Chennai Super Kings,Wickets,7.0,,DL Chahar,C Shamshuddin,RJ Tucker
1178397.0,Chandigarh,08-04-2019,2019,22,Sunrisers Hyderabad,Kings XI Punjab,Punjab Cricket Association IS Bindra Stadium,Kings XI Punjab,field,N,Kings XI Punjab,Wickets,6.0,,KL Rahul,AY Dandekar,M Erasmus
1178396.0,Jaipur,07-04-2019,2019,21,Rajasthan Royals,Kolkata Knight Riders,Sawai Mansingh Stadium,Kolkata Knight Riders,field,N,Kolkata Knight Riders,Wickets,8.0,,HF Gurney,AK Chaudhary,CB Gaffaney
1178395.0,Bengaluru,07-04-2019,2019,20,Royal Challengers Bangalore,Delhi Capitals,M.Chinnaswamy Stadium,Delhi Capitals,field,N,Delhi Capitals,Wickets,4.0,,K Rabada,S Ravi,YC Barde
1178394.0,Hyderabad,06-04-2019,2019,19,Mumbai Indians,Sunrisers Hyderabad,Rajiv Gandhi International Stadium,Sunrisers Hyderabad,field,N,Mumbai Indians,Runs,40.0,,AS Joseph,AY Dandekar,Nitin Menon
1178393.0,Chennai,06-04-2019,2019,18,Chennai Super Kings,Kings XI Punjab,MA Chidambaram Stadium,Chennai Super Kings,bat,N,Chennai Super Kings,Runs,22.0,,Harbhajan Singh,KN Ananthapadmanabhan,RJ Tucker
1175372.0,Bengaluru,05-04-2019,2019,17,Royal Challengers Bangalore,Kolkata Knight Riders,M.Chinnaswamy Stadium,Kolkata Knight Riders,field,N,Kolkata Knight Riders,Wickets,5.0,,AD Russell,AK Chaudhary,CB Gaffaney
1175371.0,Delhi,04-04-2019,2019,16,Delhi Capitals,Sunrisers Hyderabad,Arun Jaitley Stadium,Sunrisers Hyderabad,field,N,Sunrisers Hyderabad,Wickets,5.0,,JM Bairstow,C Shamshuddin,KN Ananthapadmanabhan
1175370.0,Mumbai,03-04-2019,2019,15,Mumbai Indians,Chennai Super Kings,Wankhede Stadium,Chennai Super Kings,field,N,Mumbai Indians,Runs,37.0,,HH Pandya,BNJ Oxenford,RJ Tucker
1175369.0,Jaipur,02-04-2019,2019,14,Royal Challengers Bangalore,Rajasthan Royals,Sawai Mansingh Stadium,Rajasthan Royals,field,N,Rajasthan Royals,Wickets,7.0,,S Gopal,AY Dandekar,M Erasmus
1175368.0,Chandigarh,01-04-2019,2019,13,Kings XI Punjab,Delhi Capitals,Punjab Cricket Association IS Bindra Stadium,Delhi Capitals,field,N,Kings XI Punjab,Runs,14.0,,SM Curran,AK Chaudhary,CB Gaffaney
1175366.0,Hyderabad,31-03-2019,2019,11,Sunrisers Hyderabad,Royal Challengers Bangalore,Rajiv Gandhi International Stadium,Royal Challengers Bangalore,field,N,Sunrisers Hyderabad,Runs,118.0,,JM Bairstow,KN Ananthapadmanabhan,S Ravi
1175367.0,Chennai,31-03-2019,2019,12,Chennai Super Kings,Rajasthan Royals,MA Chidambaram Stadium,Rajasthan Royals,field,N,Chennai Super Kings,Runs,8.0,,MS Dhoni,CK Nandan,YC Barde
1175365.0,Delhi,30-03-2019,2019,10,Kolkata Knight Riders,Delhi Capitals,Arun Jaitley Stadium,Delhi Capitals,field,Y,Delhi Capitals,SuperOver,,,PP Shaw,AY Dandekar,Nitin Menon
1175364.0,Chandigarh,30-03-2019,2019,9,Mumbai Indians,Kings XI Punjab,Punjab Cricket Association IS Bindra Stadium,Kings XI Punjab,field,N,Kings XI Punjab,Wickets,8.0,,MA Agarwal,CB Gaffaney,VA Kulkarni
1175363.0,Hyderabad,29-03-2019,2019,8,Rajasthan Royals,Sunrisers Hyderabad,Rajiv Gandhi International Stadium,Rajasthan Royals,bat,N,Sunrisers Hyderabad,Wickets,5.0,,Rashid Khan,BNJ Oxenford,C Shamshuddin
1175362.0,Bengaluru,28-03-2019,2019,7,Mumbai Indians,Royal Challengers Bangalore,M.Chinnaswamy Stadium,Royal Challengers Bangalore,field,N,Mumbai Indians,Runs,6.0,,JJ Bumrah,CK Nandan,S Ravi
1175361.0,Kolkata,27-03-2019,2019,6,Kolkata Knight Riders,Kings XI Punjab,Eden Gardens,Kings XI Punjab,field,N,Kolkata Knight Riders,Runs,28.0,,AD Russell,AK Chaudhary,VA Kulkarni
1175360.0,Delhi,26-03-2019,2019,5,Delhi Capitals,Chennai Super Kings,Arun Jaitley Stadium,Delhi Capitals,bat,N,Chennai Super Kings,Wickets,6.0,,SR Watson,M Erasmus,Nitin Menon
1175359.0,Jaipur,25-03-2019,2019,4,Kings XI Punjab,Rajasthan Royals,Sawai Mansingh Stadium,Rajasthan Royals,field,N,Kings XI Punjab,Runs,14.0,,CH Gayle,C Shamshuddin,KN Ananthapadmanabhan
1175358.0,Mumbai,24-03-2019,2019,3,Delhi Capitals,Mumbai Indians,Wankhede Stadium,Mumbai Indians,field,N,Delhi Capitals,Runs,37.0,,RR Pant,S Ravi,YC Barde
1175357.0,Kolkata,24-03-2019,2019,2,Sunrisers Hyderabad,Kolkata Knight Riders,Eden Gardens,Kolkata Knight Riders,field,N,Kolkata Knight Riders,Wickets,6.0,,AD Russell,AK Chaudhary,CB Gaffaney
1175356.0,Chennai,23-03-2019,2019,1,Royal Challengers Bangalore,Chennai Super Kings,MA Chidambaram Stadium,Chennai Super Kings,field,N,Chennai Super Kings,Wickets,7.0,,Harbhajan Singh,AY Dandekar,BNJ Oxenford
1136620.0,Mumbai,27-05-2018,2018,Final,Sunrisers Hyderabad,Chennai Super Kings,Wankhede Stadium,Chennai Super Kings,field,N,Chennai Super Kings,Wickets,8.0,,SR Watson,M Erasmus,S Ravi
1136619.0,Kolkata,25-05-2018,2018,Qualifier,Sunrisers Hyderabad,Kolkata Knight Riders,Eden Gardens,Kolkata Knight Riders,field,N,Sunrisers Hyderabad,Runs,14.0,,Rashid Khan,HDPK Dharmasena,Nitin Menon
1136618.0,Kolkata,23-05-2018,2018,Eliminator,Kolkata Knight Riders,Rajasthan Royals,Eden Gardens,Rajasthan Royals,field,N,Kolkata Knight Riders,Runs,25.0,,AD Russell,AK Chaudhary,Nitin Menon
1136617.0,Mumbai,22-05-2018,2018,Qualifier,Sunrisers Hyderabad,Chennai Super Kings,Wankhede Stadium,Chennai Super Kings,field,N,Chennai Super Kings,Wickets,2.0,,F du Plessis,C Shamshuddin,M Erasmus
1136616.0,Pune,20-05-2018,2018,56,Kings XI Punjab,Chennai Super Kings,Maharashtra Cricket Association Stadium,Chennai Super Kings,field,N,Chennai Super Kings,Wickets,5.0,,L Ngidi,Nitin Menon,YC Barde
1136615.0,Delhi,20-05-2018,2018,55,Delhi Daredevils,Mumbai Indians,Arun Jaitley Stadium,Delhi Daredevils,bat,N,Delhi Daredevils,Runs,11.0,,A Mishra,HDPK Dharmasena,CK Nandan
1136614.0,Hyderabad,19-05-2018,2018,54,Sunrisers Hyderabad,Kolkata Knight Riders,Rajiv Gandhi International Stadium,Sunrisers Hyderabad,bat,N,Kolkata Knight Riders,Wickets,5.0,,CA Lynn,AK Chaudhary,S Ravi
1136613.0,Jaipur,19-05-2018,2018,53,Rajasthan Royals,Royal Challengers Bangalore,Sawai Mansingh Stadium,Rajasthan Royals,bat,N,Rajasthan Royals,Runs,30.0,,S Gopal,BNJ Oxenford,VK Sharma
1136612.0,Delhi,18-05-2018,2018,52,Delhi Daredevils,Chennai Super Kings,Arun Jaitley Stadium,Chennai Super Kings,field,N,Delhi Daredevils,Runs,34.0,,HV Patel,HDPK Dharmasena,VA Kulkarni
1136611.0,Bengaluru,17-05-2018,2018,51,Royal Challengers Bangalore,Sunrisers Hyderabad,M.Chinnaswamy Stadium,Sunrisers Hyderabad,field,N,Royal Challengers Bangalore,Runs,14.0,,AB de Villiers,AY Dandekar,S Ravi
1136610.0,Mumbai,16-05-2018,2018,50,Mumbai Indians,Kings XI Punjab,Wankhede Stadium,Kings XI Punjab,field,N,Mumbai Indians,Runs,3.0,,JJ Bumrah,M Erasmus,Nitin Menon
1136609.0,Kolkata,15-05-2018,2018,49,Rajasthan Royals,Kolkata Knight Riders,Eden Gardens,Kolkata Knight Riders,field,N,Kolkata Knight Riders,Wickets,6.0,,Kuldeep Yadav,AK Chaudhary,HDPK Dharmasena
1136608.0,Indore,14-05-2018,2018,48,Kings XI Punjab,Royal Challengers Bangalore,Holkar Cricket Stadium,Royal Challengers Bangalore,field,N,Royal Challengers Bangalore,Wickets,10.0,,UT Yadav,BNJ Oxenford,VK Sharma
1136607.0,Mumbai,13-05-2018,2018,47,Mumbai Indians,Rajasthan Royals,Wankhede Stadium,Rajasthan Royals,field,N,Rajasthan Royals,Wickets,7.0,,JC Buttler,Nitin Menon,S Ravi
1136606.0,Pune,13-05-2018,2018,46,Sunrisers Hyderabad,Chennai Super Kings,Maharashtra Cricket Association Stadium,Chennai Super Kings,field,N,Chennai Super Kings,Wickets,8.0,,AT Rayudu,M Erasmus,YC Barde
1136605.0,Delhi,12-05-2018,2018,45,Delhi Daredevils,Royal Challengers Bangalore,Arun Jaitley Stadium,Royal Challengers Bangalore,field,N,Royal Challengers Bangalore,Wickets,5.0,,AB de Villiers,KN Ananthapadmanabhan,HDPK Dharmasena
1136604.0,Indore,12-05-2018,2018,44,Kolkata Knight Riders,Kings XI Punjab,Holkar Cricket Stadium,Kings XI Punjab,field,N,Kolkata Knight Riders,Runs,31.0,,SP Narine,CK Nandan,VK Sharma
1136603.0,Jaipur,11-05-2018,2018,43,Chennai Super Kings,Rajasthan Royals,Sawai Mansingh Stadium,Chennai Super Kings,bat,N,Rajasthan Royals,Wickets,4.0,,JC Buttler,M Erasmus,YC Barde
1136602.0,Delhi,10-05-2018,2018,42,Delhi Daredevils,Sunrisers Hyderabad,Arun Jaitley Stadium,Delhi Daredevils,bat,N,Sunrisers Hyderabad,Wickets,9.0,,S Dhawan,AY Dandekar,C Shamshuddin
1136601.0,Kolkata,09-05-2018,2018,41,Mumbai Indians,Kolkata Knight Riders,Eden Gardens,Kolkata Knight Riders,field,N,Mumbai Indians,Runs,102.0,,Ishan Kishan,KN Ananthapadmanabhan,AK Chaudhary
1136600.0,Jaipur,08-05-2018,2018,40,Rajasthan Royals,Kings XI Punjab,Sawai Mansingh Stadium,Rajasthan Royals,bat,N,Rajasthan Royals,Runs,15.0,,JC Buttler,M Erasmus,Nitin Menon
1136599.0,Hyderabad,07-05-2018,2018,39,Sunrisers Hyderabad,Royal Challengers Bangalore,Rajiv Gandhi International Stadium,Royal Challengers Bangalore,field,N,Sunrisers Hyderabad,Runs,5.0,,KS Williamson,BNJ Oxenford,VK Sharma
1136598.0,Indore,06-05-2018,2018,38,Rajasthan Royals,Kings XI Punjab,Holkar Cricket Stadium,Kings XI Punjab,field,N,Kings XI Punjab,Wickets,6.0,,Mujeeb Ur Rahman,C Shamshuddin,S Ravi
1136597.0,Mumbai,06-05-2018,2018,37,Mumbai Indians,Kolkata Knight Riders,Wankhede Stadium,Kolkata Knight Riders,field,N,Mumbai Indians,Runs,13.0,,HH Pandya,A Deshmukh,HDPK Dharmasena
1136596.0,Hyderabad,05-05-2018,2018,36,Delhi Daredevils,Sunrisers Hyderabad,Rajiv Gandhi International Stadium,Delhi Daredevils,bat,N,Sunrisers Hyderabad,Wickets,7.0,,Rashid Khan,BNJ Oxenford,CK Nandan
1136595.0,Pune,05-05-2018,2018,35,Royal Challengers Bangalore,Chennai Super Kings,Maharashtra Cricket Association Stadium,Chennai Super Kings,field,N,Chennai Super Kings,Wickets,6.0,,RA Jadeja,Nitin Menon,YC Barde
1136594.0,Indore,04-05-2018,2018,34,Kings XI Punjab,Mumbai Indians,Holkar Cricket Stadium,Mumbai Indians,field,N,Mumbai Indians,Wickets,6.0,,SA Yadav,AY Dandekar,S Ravi
1136593.0,Kolkata,03-05-2018,2018,33,Chennai Super Kings,Kolkata Knight Riders,Eden Gardens,Kolkata Knight Riders,field,N,Kolkata Knight Riders,Wickets,6.0,,SP Narine,A Deshmukh,HDPK Dharmasena
1136592.0,Delhi,02-05-2018,2018,32,Delhi Daredevils,Rajasthan Royals,Arun Jaitley Stadium,Rajasthan Royals,field,N,Delhi Daredevils,Runs,4.0,D/L,RR Pant,CK Nandan,VK Sharma
1136591.0,Bengaluru,01-05-2018,2018,31,Royal Challengers Bangalore,Mumbai Indians,M.Chinnaswamy Stadium,Mumbai Indians,field,N,Royal Challengers Bangalore,Runs,14.0,,TG Southee,M Erasmus,Nitin Menon
1136590.0,Pune,30-04-2018,2018,30,Chennai Super Kings,Delhi Daredevils,Maharashtra Cricket Association Stadium,Delhi Daredevils,field,N,Chennai Super Kings,Runs,13.0,,SR Watson,AY Dandekar,C Shamshuddin
1136588.0,Jaipur,29-04-2018,2018,28,Sunrisers Hyderabad,Rajasthan Royals,Sawai Mansingh Stadium,Sunrisers Hyderabad,bat,N,Sunrisers Hyderabad,Runs,11.0,,KS Williamson,BNJ Oxenford,A Nand Kishore
1136589.0,Bengaluru,29-04-2018,2018,29,Royal Challengers Bangalore,Kolkata Knight Riders,M.Chinnaswamy Stadium,Kolkata Knight Riders,field,N,Kolkata Knight Riders,Wickets,6.0,,CA Lynn,AK Chaudhary,NJ Llong
1136587.0,Pune,28-04-2018,2018,27,Chennai Super Kings,Mumbai Indians,Maharashtra Cricket Association Stadium,Mumbai Indians,field,N,Mumbai Indians,Wickets,8.0,,RG Sharma,CB Gaffaney,Nitin Menon
1136586.0,Delhi,27-04-2018,2018,26,Delhi Daredevils,Kolkata Knight Riders,Arun Jaitley Stadium,Kolkata Knight Riders,field,N,Delhi Daredevils,Runs,55.0,,SS Iyer,C Shamshuddin,S Ravi
1136585.0,Hyderabad,26-04-2018,2018,25,Sunrisers Hyderabad,Kings XI Punjab,Rajiv Gandhi International Stadium,Kings XI Punjab,field,N,Sunrisers Hyderabad,Runs,13.0,,AS Rajpoot,CK Nandan,YC Barde
1136584.0,Bengaluru,25-04-2018,2018,24,Royal Challengers Bangalore,Chennai Super Kings,M.Chinnaswamy Stadium,Chennai Super Kings,field,N,Chennai Super Kings,Wickets,5.0,,MS Dhoni,NJ Llong,VK Sharma
1136583.0,Mumbai,24-04-2018,2018,23,Sunrisers Hyderabad,Mumbai Indians,Wankhede Stadium,Mumbai Indians,field,N,Sunrisers Hyderabad,Runs,31.0,,Rashid Khan,C Shamshuddin,S Ravi
1136582.0,Delhi,23-04-2018,2018,22,Kings XI Punjab,Delhi Daredevils,Arun Jaitley Stadium,Delhi Daredevils,field,N,Kings XI Punjab,Runs,4.0,,AS Rajpoot,A Nand Kishore,CK Nandan
1136581.0,Jaipur,22-04-2018,2018,21,Mumbai Indians,Rajasthan Royals,Sawai Mansingh Stadium,Mumbai Indians,bat,N,Rajasthan Royals,Wickets,3.0,,JC Archer,KN Ananthapadmanabhan,RJ Tucker
1136580.0,Hyderabad,22-04-2018,2018,20,Chennai Super Kings,Sunrisers Hyderabad,Rajiv Gandhi International Stadium,Sunrisers Hyderabad,field,N,Chennai Super Kings,Runs,4.0,,AT Rayudu,AK Chaudhary,VA Kulkarni
1136579.0,Bengaluru,21-04-2018,2018,19,Delhi Daredevils,Royal Challengers Bangalore,M.Chinnaswamy Stadium,Royal Challengers Bangalore,field,N,Royal Challengers Bangalore,Wickets,6.0,,AB de Villiers,CB Gaffaney,CK Nandan
1136578.0,Kolkata,21-04-2018,2018,18,Kolkata Knight Riders,Kings XI Punjab,Eden Gardens,Kings XI Punjab,field,N,Kings XI Punjab,Wickets,9.0,D/L,KL Rahul,A Deshmukh,C Shamshuddin
1136577.0,Pune,20-04-2018,2018,17,Chennai Super Kings,Rajasthan Royals,Maharashtra Cricket Association Stadium,Rajasthan Royals,field,N,Chennai Super Kings,Runs,64.0,,SR Watson,KN Ananthapadmanabhan,Nitin Menon
1136576.0,Chandigarh,19-04-2018,2018,16,Kings XI Punjab,Sunrisers Hyderabad,Punjab Cricket Association IS Bindra Stadium,Kings XI Punjab,bat,N,Kings XI Punjab,Runs,15.0,,CH Gayle,AK Chaudhary,NJ Llong
1136575.0,Jaipur,18-04-2018,2018,15,Rajasthan Royals,Kolkata Knight Riders,Sawai Mansingh Stadium,Kolkata Knight Riders,field,N,Kolkata Knight Riders,Wickets,7.0,,N Rana,A Deshmukh,S Ravi
1136574.0,Mumbai,17-04-2018,2018,14,Mumbai Indians,Royal Challengers Bangalore,Wankhede Stadium,Royal Challengers Bangalore,field,N,Mumbai Indians,Runs,46.0,,RG Sharma,Nitin Menon,RJ Tucker
1136573.0,Kolkata,16-04-2018,2018,13,Kolkata Knight Riders,Delhi Daredevils,Eden Gardens,Delhi Daredevils,field,N,Kolkata Knight Riders,Runs,71.0,,N Rana,AK Chaudhary,A Nand Kishore
1136572.0,Chandigarh,15-04-2018,2018,12,Kings XI Punjab,Chennai Super Kings,Punjab Cricket Association IS Bindra Stadium,Chennai Super Kings,field,N,Kings XI Punjab,Runs,4.0,,CH Gayle,CK Nandan,VA Kulkarni
1136571.0,Bengaluru,15-04-2018,2018,11,Rajasthan Royals,Royal Challengers Bangalore,M.Chinnaswamy Stadium,Royal Challengers Bangalore,field,N,Rajasthan Royals,Runs,19.0,,SV Samson,C Shamshuddin,S Ravi
1136570.0,Kolkata,14-04-2018,2018,10,Kolkata Knight Riders,Sunrisers Hyderabad,Eden Gardens,Sunrisers Hyderabad,field,N,Sunrisers Hyderabad,Wickets,5.0,,B Stanlake,AK Chaudhary,A Nand Kishore
1136569.0,Mumbai,14-04-2018,2018,9,Mumbai Indians,Delhi Daredevils,Wankhede Stadium,Delhi Daredevils,field,N,Delhi Daredevils,Wickets,7.0,,JJ Roy,KN Ananthapadmanabhan,Nitin Menon
1136568.0,Bengaluru,13-04-2018,2018,8,Kings XI Punjab,Royal Challengers Bangalore,M.Chinnaswamy Stadium,Royal Challengers Bangalore,field,N,Royal Challengers Bangalore,Wickets,4.0,,UT Yadav,A Deshmukh,S Ravi
1136567.0,Hyderabad,12-04-2018,2018,7,Mumbai Indians,Sunrisers Hyderabad,Rajiv Gandhi International Stadium,Sunrisers Hyderabad,field,N,Sunrisers Hyderabad,Wickets,1.0,,Rashid Khan,CK Nandan,NJ Llong
1136566.0,Jaipur,11-04-2018,2018,6,Rajasthan Royals,Delhi Daredevils,Sawai Mansingh Stadium,Delhi Daredevils,field,N,Rajasthan Royals,Runs,10.0,D/L,SV Samson,KN Ananthapadmanabhan,Nitin Menon
1136565.0,Chennai,10-04-2018,2018,5,Kolkata Knight Riders,Chennai Super Kings,MA Chidambaram Stadium,Chennai Super Kings,field,N,Chennai Super Kings,Wickets,5.0,,SW Billings,AK Chaudhary,CB Gaffaney
1136564.0,Hyderabad,09-04-2018,2018,4,Rajasthan Royals,Sunrisers Hyderabad,Rajiv Gandhi International Stadium,Sunrisers Hyderabad,field,N,Sunrisers Hyderabad,Wickets,9.0,,S Dhawan,NJ Llong,VA Kulkarni
1136562.0,Chandigarh,08-04-2018,2018,2,Delhi Daredevils,Kings XI Punjab,Punjab Cricket Association IS Bindra Stadium,Kings XI Punjab,field,N,Kings XI Punjab,Wickets,6.0,,KL Rahul,KN Ananthapadmanabhan,RJ Tucker
1136563.0,Kolkata,08-04-2018,2018,3,Royal Challengers Bangalore,Kolkata Knight Riders,Eden Gardens,Kolkata Knight Riders,field,N,Kolkata Knight Riders,Wickets,4.0,,SP Narine,A Deshmukh,C Shamshuddin
1136561.0,Mumbai,07-04-2018,2018,1,Mumbai Indians,Chennai Super Kings,Wankhede Stadium,Chennai Super Kings,field,N,Chennai Super Kings,Wickets,1.0,,DJ Bravo,CB Gaffaney,A Nand Kishore
1082650.0,Hyderabad,21-05-2017,2017,Final,Mumbai Indians,Rising Pune Supergiant,"Rajiv Gandhi International Stadium, Uppal",Mumbai Indians,bat,N,Mumbai Indians,Runs,1.0,,KH Pandya,NJ Llong,S Ravi
1082649.0,Bangalore,19-05-2017,2017,Qualifier 2,Mumbai Indians,Kolkata Knight Riders,M Chinnaswamy Stadium,Mumbai Indians,field,N,Mumbai Indians,Wickets,6.0,,KV Sharma,NJ Llong,Nitin Menon
1082648.0,Bangalore,17-05-2017,2017,Eliminator,Sunrisers Hyderabad,Kolkata Knight Riders,M Chinnaswamy Stadium,Kolkata Knight Riders,field,N,Kolkata Knight Riders,Wickets,7.0,D/L,NM Coulter-Nile,AK Chaudhary,Nitin Menon
1082647.0,Mumbai,16-05-2017,2017,Qualifier 1,Mumbai Indians,Rising Pune Supergiant,Wankhede Stadium,Mumbai Indians,field,N,Rising Pune Supergiant,Runs,20.0,,Washington Sundar,S Ravi,C Shamshuddin
1082646.0,Delhi,14-05-2017,2017,56,Delhi Daredevils,Royal Challengers Bangalore,Feroz Shah Kotla,Royal Challengers Bangalore,bat,N,Royal Challengers Bangalore,Runs,10.0,,HV Patel,CK Nandan,C Shamshuddin
1082645.0,Pune,14-05-2017,2017,55,Rising Pune Supergiant,Kings XI Punjab,Maharashtra Cricket Association Stadium,Rising Pune Supergiant,field,N,Rising Pune Supergiant,Wickets,9.0,,JD Unadkat,AY Dandekar,A Deshmukh
1082644.0,Kolkata,13-05-2017,2017,54,Kolkata Knight Riders,Mumbai Indians,Eden Gardens,Kolkata Knight Riders,field,N,Mumbai Indians,Runs,9.0,,AT Rayudu,A Nand Kishore,S Ravi
1082643.0,Kanpur,13-05-2017,2017,53,Gujarat Lions,Sunrisers Hyderabad,Green Park,Sunrisers Hyderabad,field,N,Sunrisers Hyderabad,Wickets,8.0,,Mohammed Siraj,AK Chaudhary,Nitin Menon
1082642.0,Delhi,12-05-2017,2017,52,Delhi Daredevils,Rising Pune Supergiant,Feroz Shah Kotla,Delhi Daredevils,bat,N,Delhi Daredevils,Runs,7.0,,KK Nair,KN Ananthapadmanabhan,CK Nandan
1082641.0,Mumbai,11-05-2017,2017,51,Mumbai Indians,Kings XI Punjab,Wankhede Stadium,Mumbai Indians,field,N,Kings XI Punjab,Runs,7.0,,WP Saha,A Deshmukh,A Nand Kishore
1082640.0,Kanpur,10-05-2017,2017,50,Gujarat Lions,Delhi Daredevils,Green Park,Delhi Daredevils,field,N,Delhi Daredevils,Wickets,2.0,,SS Iyer,YC Barde,AK Chaudhary
1082639.0,Chandigarh,09-05-2017,2017,49,Kings XI Punjab,Kolkata Knight Riders,"Punjab Cricket Association IS Bindra Stadium, Mohali",Kolkata Knight Riders,field,N,Kings XI Punjab,Runs,14.0,,MM Sharma,A Nand Kishore,S Ravi
1082638.0,Hyderabad,08-05-2017,2017,48,Sunrisers Hyderabad,Mumbai Indians,"Rajiv Gandhi International Stadium, Uppal",Mumbai Indians,bat,N,Sunrisers Hyderabad,Wickets,7.0,,S Dhawan,KN Ananthapadmanabhan,M Erasmus
1082636.0,Bangalore,07-05-2017,2017,46,Royal Challengers Bangalore,Kolkata Knight Riders,M Chinnaswamy Stadium,Kolkata Knight Riders,field,N,Kolkata Knight Riders,Wickets,6.0,,SP Narine,AY Dandekar,C Shamshuddin
1082637.0,Chandigarh,07-05-2017,2017,47,Kings XI Punjab,Gujarat Lions,"Punjab Cricket Association IS Bindra Stadium, Mohali",Gujarat Lions,field,N,Gujarat Lions,Wickets,6.0,,DR Smith,A Nand Kishore,VK Sharma
1082635.0,Delhi,06-05-2017,2017,45,Delhi Daredevils,Mumbai Indians,Feroz Shah Kotla,Delhi Daredevils,field,N,Mumbai Indians,Runs,146.0,,LMP Simmons,Nitin Menon,CK Nandan
1082634.0,Hyderabad,06-05-2017,2017,44,Sunrisers Hyderabad,Rising Pune Supergiant,"Rajiv Gandhi International Stadium, Uppal",Sunrisers Hyderabad,field,N,Rising Pune Supergiant,Runs,12.0,,JD Unadkat,KN Ananthapadmanabhan,AK Chaudhary
1082633.0,Bangalore,05-05-2017,2017,43,Royal Challengers Bangalore,Kings XI Punjab,M Chinnaswamy Stadium,Royal Challengers Bangalore,field,N,Kings XI Punjab,Runs,19.0,,Sandeep Sharma,CB Gaffaney,C Shamshuddin
1082632.0,Delhi,04-05-2017,2017,42,Delhi Daredevils,Gujarat Lions,Feroz Shah Kotla,Delhi Daredevils,field,N,Delhi Daredevils,Wickets,7.0,,RR Pant,M Erasmus,Nitin Menon
1082631.0,Kolkata,03-05-2017,2017,41,Kolkata Knight Riders,Rising Pune Supergiant,Eden Gardens,Rising Pune Supergiant,field,N,Rising Pune Supergiant,Wickets,4.0,,RA Tripathi,KN Ananthapadmanabhan,A Nand Kishore
1082630.0,Delhi,02-05-2017,2017,40,Delhi Daredevils,Sunrisers Hyderabad,Feroz Shah Kotla,Delhi Daredevils,field,N,Delhi Daredevils,Wickets,6.0,,Mohammed Shami,YC Barde,Nitin Menon
1082629.0,Pune,01-05-2017,2017,39,Rising Pune Supergiant,Gujarat Lions,Maharashtra Cricket Association Stadium,Rising Pune Supergiant,field,N,Rising Pune Supergiant,Wickets,5.0,,BA Stokes,M Erasmus,C Shamshuddin
1082628.0,Mumbai,01-05-2017,2017,38,Mumbai Indians,Royal Challengers Bangalore,Wankhede Stadium,Royal Challengers Bangalore,bat,N,Mumbai Indians,Wickets,5.0,,RG Sharma,AK Chaudhary,CB Gaffaney
1082627.0,Hyderabad,30-04-2017,2017,37,Sunrisers Hyderabad,Kolkata Knight Riders,"Rajiv Gandhi International Stadium, Uppal",Kolkata Knight Riders,field,N,Sunrisers Hyderabad,Runs,48.0,,DA Warner,AY Dandekar,S Ravi
1082626.0,Chandigarh,30-04-2017,2017,36,Kings XI Punjab,Delhi Daredevils,"Punjab Cricket Association IS Bindra Stadium, Mohali",Kings XI Punjab,field,N,Kings XI Punjab,Wickets,10.0,,Sandeep Sharma,YC Barde,CK Nandan
1082625.0,Rajkot,29-04-2017,2017,35,Gujarat Lions,Mumbai Indians,Saurashtra Cricket Association Stadium,Gujarat Lions,bat,Y,Mumbai Indians,SuperOver,,,KH Pandya,AK Chaudhary,CB Gaffaney
1082624.0,Pune,29-04-2017,2017,34,Rising Pune Supergiant,Royal Challengers Bangalore,Maharashtra Cricket Association Stadium,Royal Challengers Bangalore,field,N,Rising Pune Supergiant,Runs,61.0,,LH Ferguson,KN Ananthapadmanabhan,M Erasmus
1082622.0,Kolkata,28-04-2017,2017,32,Kolkata Knight Riders,Delhi Daredevils,Eden Gardens,Kolkata Knight Riders,field,N,Kolkata Knight Riders,Wickets,7.0,,G Gambhir,NJ Llong,S Ravi
1082623.0,Chandigarh,28-04-2017,2017,33,Kings XI Punjab,Sunrisers Hyderabad,"Punjab Cricket Association IS Bindra Stadium, Mohali",Kings XI Punjab,field,N,Sunrisers Hyderabad,Runs,26.0,,Rashid Khan,Nitin Menon,CK Nandan
1082621.0,Bangalore,27-04-2017,2017,31,Royal Challengers Bangalore,Gujarat Lions,M Chinnaswamy Stadium,Gujarat Lions,field,N,Gujarat Lions,Wickets,7.0,,AJ Tye,AK Chaudhary,C Shamshuddin
1082620.0,Pune,26-04-2017,2017,30,Rising Pune Supergiant,Kolkata Knight Riders,Maharashtra Cricket Association Stadium,Kolkata Knight Riders,field,N,Kolkata Knight Riders,Wickets,7.0,,RV Uthappa,AY Dandekar,NJ Llong
1082618.0,Mumbai,24-04-2017,2017,28,Mumbai Indians,Rising Pune Supergiant,Wankhede Stadium,Mumbai Indians,field,N,Rising Pune Supergiant,Runs,3.0,,BA Stokes,A Nand Kishore,S Ravi
1082617.0,Kolkata,23-04-2017,2017,27,Kolkata Knight Riders,Royal Challengers Bangalore,Eden Gardens,Royal Challengers Bangalore,field,N,Kolkata Knight Riders,Runs,82.0,,NM Coulter-Nile,CB Gaffaney,CK Nandan
1082616.0,Rajkot,23-04-2017,2017,26,Gujarat Lions,Kings XI Punjab,Saurashtra Cricket Association Stadium,Gujarat Lions,field,N,Kings XI Punjab,Runs,26.0,,HM Amla,AK Chaudhary,M Erasmus
1082615.0,Pune,22-04-2017,2017,24,Rising Pune Supergiant,Sunrisers Hyderabad,Maharashtra Cricket Association Stadium,Rising Pune Supergiant,field,N,Rising Pune Supergiant,Wickets,6.0,,MS Dhoni,AY Dandekar,A Deshmukh
1082614.0,Mumbai,22-04-2017,2017,25,Mumbai Indians,Delhi Daredevils,Wankhede Stadium,Delhi Daredevils,field,N,Mumbai Indians,Runs,14.0,,MJ McClenaghan,A Nand Kishore,S Ravi
1082613.0,Kolkata,21-04-2017,2017,23,Kolkata Knight Riders,Gujarat Lions,Eden Gardens,Gujarat Lions,field,N,Gujarat Lions,Wickets,4.0,,SK Raina,CB Gaffaney,Nitin Menon
1082612.0,Indore,20-04-2017,2017,22,Kings XI Punjab,Mumbai Indians,Holkar Cricket Stadium,Mumbai Indians,field,N,Mumbai Indians,Wickets,8.0,,JC Buttler,M Erasmus,C Shamshuddin
1082611.0,Hyderabad,19-04-2017,2017,21,Sunrisers Hyderabad,Delhi Daredevils,"Rajiv Gandhi International Stadium, Uppal",Sunrisers Hyderabad,bat,N,Sunrisers Hyderabad,Runs,15.0,,KS Williamson,CB Gaffaney,NJ Llong
1082610.0,Rajkot,18-04-2017,2017,20,Gujarat Lions,Royal Challengers Bangalore,Saurashtra Cricket Association Stadium,Gujarat Lions,field,N,Royal Challengers Bangalore,Runs,21.0,,CH Gayle,S Ravi,VK Sharma
1082608.0,Delhi,17-04-2017,2017,18,Delhi Daredevils,Kolkata Knight Riders,Feroz Shah Kotla,Delhi Daredevils,bat,N,Kolkata Knight Riders,Wickets,4.0,,NM Coulter-Nile,Nitin Menon,CK Nandan
1082609.0,Hyderabad,17-04-2017,2017,19,Sunrisers Hyderabad,Kings XI Punjab,"Rajiv Gandhi International Stadium, Uppal",Kings XI Punjab,field,N,Sunrisers Hyderabad,Runs,5.0,,B Kumar,AY Dandekar,A Deshmukh
1082607.0,Bangalore,16-04-2017,2017,17,Royal Challengers Bangalore,Rising Pune Supergiant,M Chinnaswamy Stadium,Royal Challengers Bangalore,field,N,Rising Pune Supergiant,Runs,27.0,,BA Stokes,KN Ananthapadmanabhan,C Shamshuddin
1082606.0,Mumbai,16-04-2017,2017,16,Mumbai Indians,Gujarat Lions,Wankhede Stadium,Mumbai Indians,field,N,Mumbai Indians,Wickets,6.0,,N Rana,A Nand Kishore,S Ravi
1082605.0,Delhi,15-04-2017,2017,15,Delhi Daredevils,Kings XI Punjab,Feroz Shah Kotla,Delhi Daredevils,bat,N,Delhi Daredevils,Runs,51.0,,CJ Anderson,YC Barde,Nitin Menon
1082604.0,Kolkata,15-04-2017,2017,14,Kolkata Knight Riders,Sunrisers Hyderabad,Eden Gardens,Sunrisers Hyderabad,field,N,Kolkata Knight Riders,Runs,17.0,,RV Uthappa,AY Dandekar,NJ Llong
1082603.0,Rajkot,14-04-2017,2017,13,Gujarat Lions,Rising Pune Supergiant,Saurashtra Cricket Association Stadium,Gujarat Lions,field,N,Gujarat Lions,Wickets,7.0,,AJ Tye,A Nand Kishore,S Ravi
1082602.0,Bangalore,14-04-2017,2017,12,Royal Challengers Bangalore,Mumbai Indians,M Chinnaswamy Stadium,Mumbai Indians,field,N,Mumbai Indians,Wickets,4.0,,KA Pollard,KN Ananthapadmanabhan,AK Chaudhary
1082601.0,Kolkata,13-04-2017,2017,11,Kolkata Knight Riders,Kings XI Punjab,Eden Gardens,Kolkata Knight Riders,field,N,Kolkata Knight Riders,Wickets,8.0,,SP Narine,A Deshmukh,NJ Llong
1082600.0,Mumbai,12-04-2017,2017,10,Mumbai Indians,Sunrisers Hyderabad,Wankhede Stadium,Mumbai Indians,field,N,Mumbai Indians,Wickets,4.0,,JJ Bumrah,Nitin Menon,CK Nandan
1082599.0,Pune,11-04-2017,2017,9,Rising Pune Supergiant,Delhi Daredevils,Maharashtra Cricket Association Stadium,Rising Pune Supergiant,field,N,Delhi Daredevils,Runs,97.0,,SV Samson,AY Dandekar,S Ravi
1082598.0,Indore,10-04-2017,2017,8,Kings XI Punjab,Royal Challengers Bangalore,Holkar Cricket Stadium,Royal Challengers Bangalore,bat,N,Kings XI Punjab,Wickets,8.0,,AR Patel,AK Chaudhary,C Shamshuddin
1082597.0,Mumbai,09-04-2017,2017,7,Mumbai Indians,Kolkata Knight Riders,Wankhede Stadium,Mumbai Indians,field,N,Mumbai Indians,Wickets,4.0,,N Rana,Nitin Menon,CK Nandan
1082596.0,Hyderabad,09-04-2017,2017,6,Sunrisers Hyderabad,Gujarat Lions,"Rajiv Gandhi International Stadium, Uppal",Sunrisers Hyderabad,field,N,Sunrisers Hyderabad,Wickets,9.0,,Rashid Khan,A Deshmukh,NJ Llong
1082595.0,Bengaluru,08-04-2017,2017,5,Royal Challengers Bangalore,Delhi Daredevils,M.Chinnaswamy Stadium,Royal Challengers Bangalore,bat,N,Royal Challengers Bangalore,Runs,15.0,,KM Jadhav,S Ravi,VK Sharma
1082594.0,Indore,08-04-2017,2017,4,Kings XI Punjab,Rising Pune Supergiant,Holkar Cricket Stadium,Kings XI Punjab,field,N,Kings XI Punjab,Wickets,6.0,,GJ Maxwell,AK Chaudhary,C Shamshuddin
1082593.0,Rajkot,07-04-2017,2017,3,Gujarat Lions,Kolkata Knight Riders,Saurashtra Cricket Association Stadium,Kolkata Knight Riders,field,N,Kolkata Knight Riders,Wickets,10.0,,CA Lynn,Nitin Menon,CK Nandan
1082592.0,Pune,06-04-2017,2017,2,Rising Pune Supergiant,Mumbai Indians,Maharashtra Cricket Association Stadium,Rising Pune Supergiant,field,N,Rising Pune Supergiant,Wickets,7.0,,SPD Smith,A Nand Kishore,S Ravi
1082591.0,Hyderabad,05-04-2017,2017,1,Sunrisers Hyderabad,Royal Challengers Bangalore,"Rajiv Gandhi International Stadium, Uppal",Royal Challengers Bangalore,field,N,Sunrisers Hyderabad,Runs,35.0,,Yuvraj Singh,AY Dandekar,NJ Llong
981019.0,Bangalore,29-05-2016,2016,Final,Royal Challengers Bangalore,Sunrisers Hyderabad,M Chinnaswamy Stadium,Sunrisers Hyderabad,bat,N,Sunrisers Hyderabad,Runs,8.0,,BCJ Cutting,HDPK Dharmasena,BNJ Oxenford
981017.0,Delhi,27-05-2016,2016,Qualifier 2,Gujarat Lions,Sunrisers Hyderabad,Feroz Shah Kotla,Sunrisers Hyderabad,field,N,Sunrisers Hyderabad,Wickets,4.0,,DA Warner,M Erasmus,CK Nandan
981015.0,Delhi,25-05-2016,2016,Elimination Final,Sunrisers Hyderabad,Kolkata Knight Riders,Feroz Shah Kotla,Kolkata Knight Riders,field,N,Sunrisers Hyderabad,Runs,22.0,,MC Henriques,M Erasmus,C Shamshuddin
981013.0,Bangalore,24-05-2016,2016,Qualifier 1,Gujarat Lions,Royal Challengers Bangalore,M Chinnaswamy Stadium,Royal Challengers Bangalore,field,N,Royal Challengers Bangalore,Wickets,4.0,,AB de Villiers,AK Chaudhary,HDPK Dharmasena
981011.0,Raipur,22-05-2016,2016,56,Delhi Daredevils,Royal Challengers Bangalore,Shaheed Veer Narayan Singh International Stadium,Royal Challengers Bangalore,field,N,Royal Challengers Bangalore,Wickets,6.0,,V Kohli,A Nand Kishore,BNJ Oxenford
981009.0,Kolkata,22-05-2016,2016,55,Kolkata Knight Riders,Sunrisers Hyderabad,Eden Gardens,Sunrisers Hyderabad,field,N,Kolkata Knight Riders,Runs,22.0,,YK Pathan,KN Ananthapadmanabhan,M Erasmus
981007.0,Kanpur,21-05-2016,2016,54,Gujarat Lions,Mumbai Indians,Green Park,Gujarat Lions,field,N,Gujarat Lions,Wickets,6.0,,SK Raina,AK Chaudhary,CK Nandan
981005.0,Visakhapatnam,21-05-2016,2016,53,Rising Pune Supergiants,Kings XI Punjab,Dr. Y.S. Rajasekhara Reddy ACA-VDCA Cricket Stadium,Kings XI Punjab,bat,N,Rising Pune Supergiants,Wickets,4.0,,MS Dhoni,HDPK Dharmasena,Nitin Menon
981003.0,Raipur,20-05-2016,2016,52,Delhi Daredevils,Sunrisers Hyderabad,Shaheed Veer Narayan Singh International Stadium,Delhi Daredevils,field,N,Delhi Daredevils,Wickets,6.0,,KK Nair,A Nand Kishore,BNJ Oxenford
981001.0,Kanpur,19-05-2016,2016,51,Gujarat Lions,Kolkata Knight Riders,Green Park,Gujarat Lions,field,N,Gujarat Lions,Wickets,6.0,,DR Smith,AK Chaudhary,CK Nandan
980999.0,Bangalore,18-05-2016,2016,50,Royal Challengers Bangalore,Kings XI Punjab,M Chinnaswamy Stadium,Kings XI Punjab,field,N,Royal Challengers Bangalore,Runs,82.0,D/L,V Kohli,KN Ananthapadmanabhan,M Erasmus
980997.0,Visakhapatnam,17-05-2016,2016,49,Rising Pune Supergiants,Delhi Daredevils,Dr. Y.S. Rajasekhara Reddy ACA-VDCA Cricket Stadium,Rising Pune Supergiants,field,N,Rising Pune Supergiants,Runs,19.0,D/L,AB Dinda,Nitin Menon,C Shamshuddin
980995.0,Kolkata,16-05-2016,2016,48,Kolkata Knight Riders,Royal Challengers Bangalore,Eden Gardens,Royal Challengers Bangalore,field,N,Royal Challengers Bangalore,Wickets,9.0,,V Kohli,CB Gaffaney,A Nand Kishore
980991.0,Chandigarh,15-05-2016,2016,46,Kings XI Punjab,Sunrisers Hyderabad,"Punjab Cricket Association IS Bindra Stadium, Mohali",Kings XI Punjab,bat,N,Sunrisers Hyderabad,Wickets,7.0,,HM Amla,KN Ananthapadmanabhan,M Erasmus
980993.0,Visakhapatnam,15-05-2016,2016,47,Mumbai Indians,Delhi Daredevils,Dr. Y.S. Rajasekhara Reddy ACA-VDCA Cricket Stadium,Delhi Daredevils,field,N,Mumbai Indians,Runs,80.0,,KH Pandya,Nitin Menon,CK Nandan
980987.0,Bangalore,14-05-2016,2016,44,Royal Challengers Bangalore,Gujarat Lions,M Chinnaswamy Stadium,Gujarat Lions,field,N,Royal Challengers Bangalore,Runs,144.0,,AB de Villiers,AY Dandekar,VK Sharma
980989.0,Kolkata,14-05-2016,2016,45,Kolkata Knight Riders,Rising Pune Supergiants,Eden Gardens,Rising Pune Supergiants,bat,N,Kolkata Knight Riders,Wickets,8.0,D/L,YK Pathan,A Nand Kishore,BNJ Oxenford
980985.0,Visakhapatnam,13-05-2016,2016,43,Mumbai Indians,Kings XI Punjab,Dr. Y.S. Rajasekhara Reddy ACA-VDCA Cricket Stadium,Mumbai Indians,bat,N,Kings XI Punjab,Wickets,7.0,,MP Stoinis,HDPK Dharmasena,CK Nandan
980983.0,Hyderabad,12-05-2016,2016,42,Sunrisers Hyderabad,Delhi Daredevils,"Rajiv Gandhi International Stadium, Uppal",Delhi Daredevils,field,N,Delhi Daredevils,Wickets,7.0,,CH Morris,K Bharatan,M Erasmus
980981.0,Bangalore,11-05-2016,2016,41,Royal Challengers Bangalore,Mumbai Indians,M Chinnaswamy Stadium,Mumbai Indians,field,N,Mumbai Indians,Wickets,6.0,,KH Pandya,AY Dandekar,C Shamshuddin
980979.0,Visakhapatnam,10-05-2016,2016,40,Rising Pune Supergiants,Sunrisers Hyderabad,Dr. Y.S. Rajasekhara Reddy ACA-VDCA Cricket Stadium,Sunrisers Hyderabad,bat,N,Sunrisers Hyderabad,Runs,4.0,,A Zampa,CB Gaffaney,VK Sharma
980977.0,Chandigarh,09-05-2016,2016,39,Kings XI Punjab,Royal Challengers Bangalore,"Punjab Cricket Association IS Bindra Stadium, Mohali",Kings XI Punjab,field,N,Royal Challengers Bangalore,Runs,1.0,,SR Watson,AK Chaudhary,HDPK Dharmasena
980975.0,Kolkata,08-05-2016,2016,38,Kolkata Knight Riders,Gujarat Lions,Eden Gardens,Gujarat Lions,field,N,Gujarat Lions,Wickets,5.0,,P Kumar,M Erasmus,RJ Tucker
980973.0,Visakhapatnam,08-05-2016,2016,37,Mumbai Indians,Sunrisers Hyderabad,Dr. Y.S. Rajasekhara Reddy ACA-VDCA Cricket Stadium,Mumbai Indians,field,N,Sunrisers Hyderabad,Runs,85.0,,A Nehra,S Ravi,C Shamshuddin
980971.0,Chandigarh,07-05-2016,2016,36,Kings XI Punjab,Delhi Daredevils,"Punjab Cricket Association IS Bindra Stadium, Mohali",Delhi Daredevils,field,N,Kings XI Punjab,Runs,9.0,,MP Stoinis,HDPK Dharmasena,CK Nandan
980969.0,Bangalore,07-05-2016,2016,35,Royal Challengers Bangalore,Rising Pune Supergiants,M Chinnaswamy Stadium,Royal Challengers Bangalore,field,N,Royal Challengers Bangalore,Wickets,7.0,,V Kohli,CB Gaffaney,BNJ Oxenford
980967.0,Hyderabad,06-05-2016,2016,34,Sunrisers Hyderabad,Gujarat Lions,"Rajiv Gandhi International Stadium, Uppal",Sunrisers Hyderabad,field,N,Sunrisers Hyderabad,Wickets,5.0,,B Kumar,M Erasmus,S Ravi
980965.0,Delhi,05-05-2016,2016,33,Delhi Daredevils,Rising Pune Supergiants,Feroz Shah Kotla,Rising Pune Supergiants,field,N,Rising Pune Supergiants,Wickets,7.0,,AM Rahane,C Shamshuddin,RJ Tucker
980963.0,Kolkata,04-05-2016,2016,32,Kolkata Knight Riders,Kings XI Punjab,Eden Gardens,Kings XI Punjab,field,N,Kolkata Knight Riders,Runs,7.0,,AD Russell,AK Chaudhary,HDPK Dharmasena
980961.0,Rajkot,03-05-2016,2016,31,Gujarat Lions,Delhi Daredevils,Saurashtra Cricket Association Stadium,Delhi Daredevils,field,N,Delhi Daredevils,Wickets,8.0,,RR Pant,CB Gaffaney,BNJ Oxenford
980959.0,Bangalore,02-05-2016,2016,30,Royal Challengers Bangalore,Kolkata Knight Riders,M Chinnaswamy Stadium,Kolkata Knight Riders,field,N,Kolkata Knight Riders,Wickets,5.0,,AD Russell,M Erasmus,S Ravi
980955.0,Rajkot,01-05-2016,2016,28,Gujarat Lions,Kings XI Punjab,Saurashtra Cricket Association Stadium,Gujarat Lions,field,N,Kings XI Punjab,Runs,23.0,,AR Patel,BNJ Oxenford,VK Sharma
980957.0,Pune,01-05-2016,2016,29,Rising Pune Supergiants,Mumbai Indians,Maharashtra Cricket Association Stadium,Mumbai Indians,field,N,Mumbai Indians,Wickets,8.0,,RG Sharma,AY Dandekar,RJ Tucker
980951.0,Delhi,30-04-2016,2016,26,Delhi Daredevils,Kolkata Knight Riders,Feroz Shah Kotla,Kolkata Knight Riders,field,N,Delhi Daredevils,Runs,27.0,,CR Brathwaite,KN Ananthapadmanabhan,M Erasmus
980953.0,Hyderabad,30-04-2016,2016,27,Sunrisers Hyderabad,Royal Challengers Bangalore,"Rajiv Gandhi International Stadium, Uppal",Royal Challengers Bangalore,field,N,Sunrisers Hyderabad,Runs,15.0,,DA Warner,AK Chaudhary,HDPK Dharmasena
980949.0,Pune,29-04-2016,2016,25,Rising Pune Supergiants,Gujarat Lions,Maharashtra Cricket Association Stadium,Gujarat Lions,field,N,Gujarat Lions,Wickets,3.0,,DR Smith,CB Gaffaney,BNJ Oxenford
980947.0,Mumbai,28-04-2016,2016,24,Mumbai Indians,Kolkata Knight Riders,Wankhede Stadium,Mumbai Indians,field,N,Mumbai Indians,Wickets,6.0,,RG Sharma,Nitin Menon,RJ Tucker
980945.0,Delhi,27-04-2016,2016,23,Delhi Daredevils,Gujarat Lions,Feroz Shah Kotla,Delhi Daredevils,field,N,Gujarat Lions,Runs,1.0,,CH Morris,M Erasmus,S Ravi
980943.0,Hyderabad,26-04-2016,2016,22,Sunrisers Hyderabad,Rising Pune Supergiants,"Rajiv Gandhi International Stadium, Uppal",Rising Pune Supergiants,field,N,Rising Pune Supergiants,Runs,34.0,D/L,AB Dinda,AY Dandekar,CK Nandan
980941.0,Chandigarh,25-04-2016,2016,21,Kings XI Punjab,Mumbai Indians,"Punjab Cricket Association IS Bindra Stadium, Mohali",Kings XI Punjab,field,N,Mumbai Indians,Runs,25.0,,PA Patel,Nitin Menon,RJ Tucker
980939.0,Pune,24-04-2016,2016,20,Rising Pune Supergiants,Kolkata Knight Riders,Maharashtra Cricket Association Stadium,Kolkata Knight Riders,field,N,Kolkata Knight Riders,Wickets,2.0,,SA Yadav,CB Gaffaney,A Nand Kishore
980937.0,Rajkot,24-04-2016,2016,19,Gujarat Lions,Royal Challengers Bangalore,Saurashtra Cricket Association Stadium,Royal Challengers Bangalore,bat,N,Gujarat Lions,Wickets,6.0,,V Kohli,K Bharatan,BNJ Oxenford
980935.0,Hyderabad,23-04-2016,2016,18,Sunrisers Hyderabad,Kings XI Punjab,"Rajiv Gandhi International Stadium, Uppal",Sunrisers Hyderabad,field,N,Sunrisers Hyderabad,Wickets,5.0,,Mustafizur Rahman,AK Chaudhary,CK Nandan
980933.0,Delhi,23-04-2016,2016,17,Delhi Daredevils,Mumbai Indians,Feroz Shah Kotla,Mumbai Indians,field,N,Delhi Daredevils,Runs,10.0,,SV Samson,S Ravi,C Shamshuddin
980931.0,Pune,22-04-2016,2016,16,Rising Pune Supergiants,Royal Challengers Bangalore,Maharashtra Cricket Association Stadium,Rising Pune Supergiants,field,N,Royal Challengers Bangalore,Runs,13.0,,AB de Villiers,CB Gaffaney,VK Sharma
980929.0,Rajkot,21-04-2016,2016,15,Gujarat Lions,Sunrisers Hyderabad,Saurashtra Cricket Association Stadium,Sunrisers Hyderabad,field,N,Sunrisers Hyderabad,Wickets,10.0,,B Kumar,K Bharatan,HDPK Dharmasena
980927.0,Mumbai,20-04-2016,2016,14,Mumbai Indians,Royal Challengers Bangalore,Wankhede Stadium,Mumbai Indians,field,N,Mumbai Indians,Wickets,6.0,,RG Sharma,AK Chaudhary,CK Nandan
980925.0,Chandigarh,19-04-2016,2016,13,Kings XI Punjab,Kolkata Knight Riders,"Punjab Cricket Association IS Bindra Stadium, Mohali",Kolkata Knight Riders,field,N,Kolkata Knight Riders,Wickets,6.0,,RV Uthappa,S Ravi,C Shamshuddin
980923.0,Hyderabad,18-04-2016,2016,12,Sunrisers Hyderabad,Mumbai Indians,"Rajiv Gandhi International Stadium, Uppal",Sunrisers Hyderabad,field,N,Sunrisers Hyderabad,Wickets,7.0,,DA Warner,HDPK Dharmasena,VK Sharma
980921.0,Bangalore,17-04-2016,2016,11,Royal Challengers Bangalore,Delhi Daredevils,M Chinnaswamy Stadium,Delhi Daredevils,field,N,Delhi Daredevils,Wickets,7.0,,Q de Kock,VA Kulkarni,A Nand Kishore
980919.0,Chandigarh,17-04-2016,2016,10,Kings XI Punjab,Rising Pune Supergiants,"Punjab Cricket Association IS Bindra Stadium, Mohali",Rising Pune Supergiants,bat,N,Kings XI Punjab,Wickets,6.0,,M Vohra,S Ravi,C Shamshuddin
980917.0,Mumbai,16-04-2016,2016,9,Mumbai Indians,Gujarat Lions,Wankhede Stadium,Gujarat Lions,field,N,Gujarat Lions,Wickets,3.0,,AJ Finch,HDPK Dharmasena,VK Sharma
980915.0,Hyderabad,16-04-2016,2016,8,Sunrisers Hyderabad,Kolkata Knight Riders,"Rajiv Gandhi International Stadium, Uppal",Sunrisers Hyderabad,bat,N,Kolkata Knight Riders,Wickets,8.0,,G Gambhir,AK Chaudhary,CK Nandan
980913.0,Delhi,15-04-2016,2016,7,Delhi Daredevils,Kings XI Punjab,Feroz Shah Kotla,Delhi Daredevils,field,N,Delhi Daredevils,Wickets,8.0,,A Mishra,S Ravi,C Shamshuddin
980911.0,Rajkot,14-04-2016,2016,6,Gujarat Lions,Rising Pune Supergiants,Saurashtra Cricket Association Stadium,Rising Pune Supergiants,bat,N,Gujarat Lions,Wickets,7.0,,AJ Finch,VA Kulkarni,CK Nandan
980909.0,Kolkata,13-04-2016,2016,5,Kolkata Knight Riders,Mumbai Indians,Eden Gardens,Mumbai Indians,field,N,Mumbai Indians,Wickets,6.0,,RG Sharma,Nitin Menon,S Ravi
980907.0,Bangalore,12-04-2016,2016,4,Royal Challengers Bangalore,Sunrisers Hyderabad,M Chinnaswamy Stadium,Sunrisers Hyderabad,field,N,Royal Challengers Bangalore,Runs,45.0,,AB de Villiers,HDPK Dharmasena,VK Sharma
980905.0,Chandigarh,11-04-2016,2016,3,Kings XI Punjab,Gujarat Lions,"Punjab Cricket Association IS Bindra Stadium, Mohali",Gujarat Lions,field,N,Gujarat Lions,Wickets,5.0,,AJ Finch,AK Chaudhary,VA Kulkarni
980903.0,Kolkata,10-04-2016,2016,2,Kolkata Knight Riders,Delhi Daredevils,Eden Gardens,Kolkata Knight Riders,field,N,Kolkata Knight Riders,Wickets,9.0,,AD Russell,S Ravi,C Shamshuddin
980901.0,Mumbai,09-04-2016,2016,1,Mumbai Indians,Rising Pune Supergiants,Wankhede Stadium,Mumbai Indians,bat,N,Rising Pune Supergiants,Wickets,9.0,,AM Rahane,HDPK Dharmasena,CK Nandan
829823.0,Kolkata,24-05-2015,2015,Final,Mumbai Indians,Chennai Super Kings,Eden Gardens,Chennai Super Kings,field,N,Mumbai Indians,Runs,41.0,,RG Sharma,HDPK Dharmasena,RK Illingworth
829821.0,Ranchi,22-05-2015,2015,Qualifier 2,Chennai Super Kings,Royal Challengers Bangalore,JSCA International Stadium Complex,Chennai Super Kings,field,N,Chennai Super Kings,Wickets,3.0,,A Nehra,AK Chaudhary,CB Gaffaney
829819.0,Pune,20-05-2015,2015,Eliminator,Royal Challengers Bangalore,Rajasthan Royals,Maharashtra Cricket Association Stadium,Royal Challengers Bangalore,bat,N,Royal Challengers Bangalore,Runs,71.0,,AB de Villiers,AK Chaudhary,C Shamshuddin
829817.0,Mumbai,19-05-2015,2015,Qualifier 1,Chennai Super Kings,Mumbai Indians,Wankhede Stadium,Mumbai Indians,bat,N,Mumbai Indians,Runs,25.0,,KA Pollard,HDPK Dharmasena,RK Illingworth
829813.0,Bangalore,17-05-2015,2015,55,Royal Challengers Bangalore,Delhi Daredevils,M Chinnaswamy Stadium,Royal Challengers Bangalore,field,,,NoResults,,,,HDPK Dharmasena,K Srinivasan
829815.0,Hyderabad,17-05-2015,2015,56,Sunrisers Hyderabad,Mumbai Indians,"Rajiv Gandhi International Stadium, Uppal",Sunrisers Hyderabad,bat,N,Mumbai Indians,Wickets,9.0,,MJ McClenaghan,CB Gaffaney,K Srinath
829811.0,Mumbai,16-05-2015,2015,54,Rajasthan Royals,Kolkata Knight Riders,Brabourne Stadium,Rajasthan Royals,bat,N,Rajasthan Royals,Runs,9.0,,SR Watson,RM Deshpande,RK Illingworth
829809.0,Chandigarh,16-05-2015,2015,53,Kings XI Punjab,Chennai Super Kings,"Punjab Cricket Association Stadium, Mohali",Kings XI Punjab,bat,N,Chennai Super Kings,Wickets,7.0,,P Negi,CK Nandan,C Shamshuddin
829807.0,Hyderabad,15-05-2015,2015,52,Sunrisers Hyderabad,Royal Challengers Bangalore,"Rajiv Gandhi International Stadium, Uppal",Sunrisers Hyderabad,bat,N,Royal Challengers Bangalore,Wickets,6.0,D/L,V Kohli,AK Chaudhary,HDPK Dharmasena
829805.0,Mumbai,14-05-2015,2015,51,Mumbai Indians,Kolkata Knight Riders,Wankhede Stadium,Kolkata Knight Riders,field,N,Mumbai Indians,Runs,5.0,,HH Pandya,RK Illingworth,VA Kulkarni
829803.0,Chandigarh,13-05-2015,2015,50,Kings XI Punjab,Royal Challengers Bangalore,"Punjab Cricket Association Stadium, Mohali",Royal Challengers Bangalore,field,N,Kings XI Punjab,Runs,22.0,,AR Patel,JD Cloete,C Shamshuddin
829801.0,Raipur,12-05-2015,2015,49,Delhi Daredevils,Chennai Super Kings,Shaheed Veer Narayan Singh International Stadium,Chennai Super Kings,bat,N,Delhi Daredevils,Wickets,6.0,,Z Khan,RK Illingworth,VA Kulkarni
829799.0,Hyderabad,11-05-2015,2015,48,Sunrisers Hyderabad,Kings XI Punjab,"Rajiv Gandhi International Stadium, Uppal",Sunrisers Hyderabad,bat,N,Sunrisers Hyderabad,Runs,5.0,,DA Warner,AK Chaudhary,HDPK Dharmasena
829797.0,Chennai,10-05-2015,2015,47,Chennai Super Kings,Rajasthan Royals,"MA Chidambaram Stadium, Chepauk",Chennai Super Kings,bat,N,Chennai Super Kings,Runs,12.0,,RA Jadeja,M Erasmus,CK Nandan
829795.0,Mumbai,10-05-2015,2015,46,Mumbai Indians,Royal Challengers Bangalore,Wankhede Stadium,Royal Challengers Bangalore,bat,N,Royal Challengers Bangalore,Runs,39.0,,AB de Villiers,JD Cloete,C Shamshuddin
829793.0,Raipur,09-05-2015,2015,45,Delhi Daredevils,Sunrisers Hyderabad,Shaheed Veer Narayan Singh International Stadium,Sunrisers Hyderabad,bat,N,Sunrisers Hyderabad,Runs,6.0,,MC Henriques,VA Kulkarni,S Ravi
829791.0,Kolkata,09-05-2015,2015,44,Kolkata Knight Riders,Kings XI Punjab,Eden Gardens,Kings XI Punjab,bat,N,Kolkata Knight Riders,Wickets,1.0,,AD Russell,AK Chaudhary,HDPK Dharmasena
829789.0,Chennai,08-05-2015,2015,43,Chennai Super Kings,Mumbai Indians,"MA Chidambaram Stadium, Chepauk",Chennai Super Kings,bat,N,Mumbai Indians,Wickets,6.0,,HH Pandya,CB Gaffaney,CK Nandan
829787.0,Mumbai,07-05-2015,2015,41,Rajasthan Royals,Sunrisers Hyderabad,Brabourne Stadium,Rajasthan Royals,field,N,Sunrisers Hyderabad,Runs,7.0,,EJG Morgan,JD Cloete,C Shamshuddin
829761.0,Kolkata,07-05-2015,2015,42,Kolkata Knight Riders,Delhi Daredevils,Eden Gardens,Kolkata Knight Riders,bat,N,Kolkata Knight Riders,Runs,13.0,,PP Chawla,AK Chaudhary,M Erasmus
829785.0,Bangalore,06-05-2015,2015,40,Royal Challengers Bangalore,Kings XI Punjab,M Chinnaswamy Stadium,Kings XI Punjab,field,N,Royal Challengers Bangalore,Runs,138.0,,CH Gayle,RK Illingworth,VA Kulkarni
829783.0,Mumbai,05-05-2015,2015,39,Mumbai Indians,Delhi Daredevils,Wankhede Stadium,Delhi Daredevils,bat,N,Mumbai Indians,Wickets,5.0,,Harbhajan Singh,HDPK Dharmasena,CB Gaffaney
829781.0,Kolkata,04-05-2015,2015,38,Kolkata Knight Riders,Sunrisers Hyderabad,Eden Gardens,Sunrisers Hyderabad,field,N,Kolkata Knight Riders,Runs,35.0,,UT Yadav,AK Chaudhary,M Erasmus
829779.0,Chennai,04-05-2015,2015,37,Chennai Super Kings,Royal Challengers Bangalore,"MA Chidambaram Stadium, Chepauk",Chennai Super Kings,bat,N,Chennai Super Kings,Runs,24.0,,SK Raina,C Shamshuddin,K Srinath
829775.0,Chandigarh,03-05-2015,2015,35,Kings XI Punjab,Mumbai Indians,"Punjab Cricket Association Stadium, Mohali",Mumbai Indians,bat,N,Mumbai Indians,Runs,23.0,,LMP Simmons,RK Illingworth,VA Kulkarni
829777.0,Mumbai,03-05-2015,2015,36,Rajasthan Royals,Delhi Daredevils,Brabourne Stadium,Delhi Daredevils,field,N,Rajasthan Royals,Runs,14.0,,AM Rahane,HDPK Dharmasena,CB Gaffaney
829771.0,Bangalore,02-05-2015,2015,33,Royal Challengers Bangalore,Kolkata Knight Riders,M Chinnaswamy Stadium,Royal Challengers Bangalore,field,N,Royal Challengers Bangalore,Wickets,7.0,,Mandeep Singh,JD Cloete,PG Pathak
829773.0,Hyderabad,02-05-2015,2015,34,Sunrisers Hyderabad,Chennai Super Kings,"Rajiv Gandhi International Stadium, Uppal",Chennai Super Kings,field,N,Sunrisers Hyderabad,Runs,22.0,,DA Warner,AK Chaudhary,K Srinivasan
829769.0,Mumbai,01-05-2015,2015,32,Mumbai Indians,Rajasthan Royals,Wankhede Stadium,Rajasthan Royals,field,N,Mumbai Indians,Runs,8.0,,AT Rayudu,HDPK Dharmasena,CK Nandan
829767.0,Delhi,01-05-2015,2015,31,Delhi Daredevils,Kings XI Punjab,Feroz Shah Kotla,Delhi Daredevils,field,N,Delhi Daredevils,Wickets,9.0,,NM Coulter-Nile,RK Illingworth,S Ravi
829723.0,Kolkata,30-04-2015,2015,30,Kolkata Knight Riders,Chennai Super Kings,Eden Gardens,Kolkata Knight Riders,field,N,Kolkata Knight Riders,Wickets,7.0,,AD Russell,AK Chaudhary,M Erasmus
829763.0,Bangalore,29-04-2015,2015,29,Royal Challengers Bangalore,Rajasthan Royals,M Chinnaswamy Stadium,Rajasthan Royals,field,,,NoResults,,,,JD Cloete,PG Pathak
829765.0,Chennai,28-04-2015,2015,28,Chennai Super Kings,Kolkata Knight Riders,"MA Chidambaram Stadium, Chepauk",Kolkata Knight Riders,field,N,Chennai Super Kings,Runs,2.0,,DJ Bravo,RM Deshpande,VA Kulkarni
829759.0,Chandigarh,27-04-2015,2015,27,Kings XI Punjab,Sunrisers Hyderabad,"Punjab Cricket Association Stadium, Mohali",Kings XI Punjab,field,N,Sunrisers Hyderabad,Runs,20.0,,TA Boult,HDPK Dharmasena,CB Gaffaney
829757.0,Delhi,26-04-2015,2015,26,Delhi Daredevils,Royal Challengers Bangalore,Feroz Shah Kotla,Royal Challengers Bangalore,field,N,Royal Challengers Bangalore,Wickets,10.0,,VR Aaron,M Erasmus,S Ravi
829753.0,Chennai,25-04-2015,2015,24,Chennai Super Kings,Kings XI Punjab,"MA Chidambaram Stadium, Chepauk",Chennai Super Kings,bat,N,Chennai Super Kings,Runs,97.0,,BB McCullum,JD Cloete,C Shamshuddin
829751.0,Mumbai,25-04-2015,2015,23,Mumbai Indians,Sunrisers Hyderabad,Wankhede Stadium,Mumbai Indians,bat,N,Mumbai Indians,Runs,20.0,,SL Malinga,HDPK Dharmasena,CB Gaffaney
829749.0,Ahmedabad,24-04-2015,2015,22,Rajasthan Royals,Royal Challengers Bangalore,"Sardar Patel Stadium, Motera",Royal Challengers Bangalore,field,N,Royal Challengers Bangalore,Wickets,9.0,,MA Starc,M Erasmus,S Ravi
829747.0,Delhi,23-04-2015,2015,21,Delhi Daredevils,Mumbai Indians,Feroz Shah Kotla,Mumbai Indians,field,N,Delhi Daredevils,Runs,37.0,,SS Iyer,SD Fry,CK Nandan
829743.0,Visakhapatnam,22-04-2015,2015,19,Sunrisers Hyderabad,Kolkata Knight Riders,Dr. Y.S. Rajasekhara Reddy ACA-VDCA Cricket Stadium,Kolkata Knight Riders,field,N,Sunrisers Hyderabad,Runs,16.0,D/L,DA Warner,RK Illingworth,VA Kulkarni
829745.0,Bangalore,22-04-2015,2015,20,Royal Challengers Bangalore,Chennai Super Kings,M Chinnaswamy Stadium,Royal Challengers Bangalore,field,N,Chennai Super Kings,Runs,27.0,,SK Raina,JD Cloete,C Shamshuddin
829741.0,Ahmedabad,21-04-2015,2015,18,Rajasthan Royals,Kings XI Punjab,"Sardar Patel Stadium, Motera",Kings XI Punjab,field,Y,Kings XI Punjab,SuperOver,,,SE Marsh,M Erasmus,S Ravi
829739.0,Delhi,20-04-2015,2015,17,Delhi Daredevils,Kolkata Knight Riders,Feroz Shah Kotla,Kolkata Knight Riders,field,N,Kolkata Knight Riders,Wickets,6.0,,UT Yadav,SD Fry,CB Gaffaney
829735.0,Ahmedabad,19-04-2015,2015,15,Rajasthan Royals,Chennai Super Kings,"Sardar Patel Stadium, Motera",Chennai Super Kings,bat,N,Rajasthan Royals,Wickets,8.0,,AM Rahane,AK Chaudhary,M Erasmus
829737.0,Bangalore,19-04-2015,2015,16,Royal Challengers Bangalore,Mumbai Indians,M Chinnaswamy Stadium,Royal Challengers Bangalore,field,N,Mumbai Indians,Runs,18.0,,Harbhajan Singh,RK Illingworth,VA Kulkarni
829731.0,Visakhapatnam,18-04-2015,2015,13,Sunrisers Hyderabad,Delhi Daredevils,Dr. Y.S. Rajasekhara Reddy ACA-VDCA Cricket Stadium,Delhi Daredevils,bat,N,Delhi Daredevils,Runs,4.0,,JP Duminy,PG Pathak,S Ravi
829733.0,Pune,18-04-2015,2015,14,Kings XI Punjab,Kolkata Knight Riders,Maharashtra Cricket Association Stadium,Kolkata Knight Riders,field,N,Kolkata Knight Riders,Wickets,4.0,,AD Russell,SD Fry,CK Nandan
829729.0,Mumbai,17-04-2015,2015,12,Mumbai Indians,Chennai Super Kings,Wankhede Stadium,Mumbai Indians,bat,N,Chennai Super Kings,Wickets,6.0,,A Nehra,AK Chaudhary,M Erasmus
829727.0,Visakhapatnam,16-04-2015,2015,11,Sunrisers Hyderabad,Rajasthan Royals,Dr. Y.S. Rajasekhara Reddy ACA-VDCA Cricket Stadium,Rajasthan Royals,field,N,Rajasthan Royals,Wickets,6.0,,AM Rahane,PG Pathak,S Ravi
829725.0,Pune,15-04-2015,2015,10,Kings XI Punjab,Delhi Daredevils,Maharashtra Cricket Association Stadium,Kings XI Punjab,bat,N,Delhi Daredevils,Wickets,5.0,,MA Agarwal,CB Gaffaney,K Srinath
829721.0,Ahmedabad,14-04-2015,2015,9,Rajasthan Royals,Mumbai Indians,"Sardar Patel Stadium, Motera",Mumbai Indians,bat,N,Rajasthan Royals,Wickets,7.0,,SPD Smith,AK Chaudhary,SD Fry
829719.0,Bangalore,13-04-2015,2015,8,Royal Challengers Bangalore,Sunrisers Hyderabad,M Chinnaswamy Stadium,Sunrisers Hyderabad,field,N,Sunrisers Hyderabad,Wickets,8.0,,DA Warner,RM Deshpande,RK Illingworth
829717.0,Mumbai,12-04-2015,2015,7,Mumbai Indians,Kings XI Punjab,Wankhede Stadium,Mumbai Indians,field,N,Kings XI Punjab,Runs,18.0,,GJ Bailey,AK Chaudhary,K Srinivasan
829715.0,Delhi,12-04-2015,2015,6,Delhi Daredevils,Rajasthan Royals,Feroz Shah Kotla,Rajasthan Royals,field,N,Rajasthan Royals,Wickets,3.0,,DJ Hooda,SD Fry,CB Gaffaney
829713.0,Kolkata,11-04-2015,2015,5,Kolkata Knight Riders,Royal Challengers Bangalore,Eden Gardens,Royal Challengers Bangalore,field,N,Royal Challengers Bangalore,Wickets,3.0,,CH Gayle,S Ravi,C Shamshuddin
829711.0,Chennai,11-04-2015,2015,4,Chennai Super Kings,Sunrisers Hyderabad,"MA Chidambaram Stadium, Chepauk",Chennai Super Kings,bat,N,Chennai Super Kings,Runs,45.0,,BB McCullum,RK Illingworth,VA Kulkarni
829709.0,Pune,10-04-2015,2015,3,Kings XI Punjab,Rajasthan Royals,Maharashtra Cricket Association Stadium,Kings XI Punjab,field,N,Rajasthan Royals,Runs,26.0,,JP Faulkner,SD Fry,CB Gaffaney
829707.0,Chennai,09-04-2015,2015,2,Chennai Super Kings,Delhi Daredevils,"MA Chidambaram Stadium, Chepauk",Delhi Daredevils,field,N,Chennai Super Kings,Runs,1.0,,A Nehra,RK Illingworth,VA Kulkarni
829705.0,Kolkata,08-04-2015,2015,1,Kolkata Knight Riders,Mumbai Indians,Eden Gardens,Kolkata Knight Riders,field,N,Kolkata Knight Riders,Wickets,7.0,,M Morkel,S Ravi,C Shamshuddin
734049.0,Bangalore,01-06-2014,2014,Final,Kolkata Knight Riders,Kings XI Punjab,M Chinnaswamy Stadium,Kolkata Knight Riders,field,N,Kolkata Knight Riders,Wickets,3.0,,MK Pandey,HDPK Dharmasena,BNJ Oxenford
734047.0,Mumbai,30-05-2014,2014,Qualifier 2,Chennai Super Kings,Kings XI Punjab,Wankhede Stadium,Chennai Super Kings,field,N,Kings XI Punjab,Runs,24.0,,V Sehwag,HDPK Dharmasena,RJ Tucker
734045.0,Mumbai,28-05-2014,2014,Eliminator,Chennai Super Kings,Mumbai Indians,Brabourne Stadium,Chennai Super Kings,field,N,Chennai Super Kings,Wickets,7.0,,SK Raina,VA Kulkarni,BNJ Oxenford
734043.0,Kolkata,27-05-2014,2014,Qualifier 1,Kings XI Punjab,Kolkata Knight Riders,Eden Gardens,Kings XI Punjab,field,N,Kolkata Knight Riders,Runs,28.0,,UT Yadav,NJ Llong,S Ravi
734041.0,Mumbai,25-05-2014,2014,56,Mumbai Indians,Rajasthan Royals,Wankhede Stadium,Mumbai Indians,field,N,Mumbai Indians,Wickets,5.0,,CJ Anderson,K Srinath,RJ Tucker
734039.0,Chandigarh,25-05-2014,2014,55,Kings XI Punjab,Delhi Daredevils,"Punjab Cricket Association Stadium, Mohali",Kings XI Punjab,field,N,Kings XI Punjab,Wickets,7.0,,M Vohra,HDPK Dharmasena,VA Kulkarni
734035.0,Bangalore,24-05-2014,2014,53,Royal Challengers Bangalore,Chennai Super Kings,M Chinnaswamy Stadium,Chennai Super Kings,field,N,Chennai Super Kings,Wickets,8.0,,MS Dhoni,AK Chaudhary,NJ Llong
734037.0,Kolkata,24-05-2014,2014,54,Kolkata Knight Riders,Sunrisers Hyderabad,Eden Gardens,Kolkata Knight Riders,field,N,Kolkata Knight Riders,Wickets,4.0,,YK Pathan,RM Deshpande,BNJ Oxenford
734031.0,Mumbai,23-05-2014,2014,51,Mumbai Indians,Delhi Daredevils,Wankhede Stadium,Delhi Daredevils,field,N,Mumbai Indians,Runs,15.0,,MEK Hussey,S Ravi,RJ Tucker
734033.0,Chandigarh,23-05-2014,2014,52,Kings XI Punjab,Rajasthan Royals,"Punjab Cricket Association Stadium, Mohali",Rajasthan Royals,field,N,Kings XI Punjab,Runs,16.0,,SE Marsh,HDPK Dharmasena,PG Pathak
734027.0,Kolkata,22-05-2014,2014,49,Kolkata Knight Riders,Royal Challengers Bangalore,Eden Gardens,Royal Challengers Bangalore,field,N,Kolkata Knight Riders,Runs,30.0,,RV Uthappa,AK Chaudhary,CK Nandan
734029.0,Ranchi,22-05-2014,2014,50,Chennai Super Kings,Sunrisers Hyderabad,JSCA International Stadium Complex,Sunrisers Hyderabad,field,N,Sunrisers Hyderabad,Wickets,6.0,,DA Warner,BNJ Oxenford,C Shamshuddin
734025.0,Chandigarh,21-05-2014,2014,48,Kings XI Punjab,Mumbai Indians,"Punjab Cricket Association Stadium, Mohali",Mumbai Indians,field,N,Mumbai Indians,Wickets,7.0,,LMP Simmons,HDPK Dharmasena,VA Kulkarni
734023.0,Kolkata,20-05-2014,2014,47,Kolkata Knight Riders,Chennai Super Kings,Eden Gardens,Kolkata Knight Riders,field,N,Kolkata Knight Riders,Wickets,8.0,,RV Uthappa,RM Deshpande,C Shamshuddin
734021.0,Hyderabad,20-05-2014,2014,46,Sunrisers Hyderabad,Royal Challengers Bangalore,"Rajiv Gandhi International Stadium, Uppal",Royal Challengers Bangalore,bat,N,Sunrisers Hyderabad,Wickets,7.0,,DA Warner,AK Chaudhary,NJ Llong
734019.0,Delhi,19-05-2014,2014,45,Delhi Daredevils,Kings XI Punjab,Feroz Shah Kotla,Kings XI Punjab,field,N,Kings XI Punjab,Wickets,4.0,,AR Patel,HDPK Dharmasena,PG Pathak
734017.0,Ahmedabad,19-05-2014,2014,44,Rajasthan Royals,Mumbai Indians,"Sardar Patel Stadium, Motera",Mumbai Indians,bat,N,Mumbai Indians,Runs,25.0,,MEK Hussey,S Ravi,RJ Tucker
734013.0,Ranchi,18-05-2014,2014,42,Chennai Super Kings,Royal Challengers Bangalore,JSCA International Stadium Complex,Chennai Super Kings,bat,N,Royal Challengers Bangalore,Wickets,5.0,,AB de Villiers,BNJ Oxenford,C Shamshuddin
734015.0,Hyderabad,18-05-2014,2014,43,Sunrisers Hyderabad,Kolkata Knight Riders,"Rajiv Gandhi International Stadium, Uppal",Sunrisers Hyderabad,bat,N,Kolkata Knight Riders,Wickets,7.0,,UT Yadav,NJ Llong,CK Nandan
734011.0,Ahmedabad,15-05-2014,2014,41,Rajasthan Royals,Delhi Daredevils,"Sardar Patel Stadium, Motera",Delhi Daredevils,field,N,Rajasthan Royals,Runs,62.0,,AM Rahane,S Ravi,RJ Tucker
734009.0,Cuttack,14-05-2014,2014,40,Kolkata Knight Riders,Mumbai Indians,Barabati Stadium,Kolkata Knight Riders,field,N,Kolkata Knight Riders,Wickets,6.0,,RV Uthappa,AK Chaudhary,NJ Llong
734007.0,Hyderabad,14-05-2014,2014,39,Sunrisers Hyderabad,Kings XI Punjab,"Rajiv Gandhi International Stadium, Uppal",Kings XI Punjab,field,N,Kings XI Punjab,Wickets,6.0,,WP Saha,VA Kulkarni,PG Pathak
734005.0,Bangalore,13-05-2014,2014,38,Royal Challengers Bangalore,Delhi Daredevils,M Chinnaswamy Stadium,Delhi Daredevils,field,N,Royal Challengers Bangalore,Runs,16.0,,Yuvraj Singh,K Srinath,RJ Tucker
734003.0,Ranchi,13-05-2014,2014,37,Chennai Super Kings,Rajasthan Royals,JSCA International Stadium Complex,Rajasthan Royals,bat,N,Chennai Super Kings,Wickets,5.0,,RA Jadeja,BNJ Oxenford,C Shamshuddin
734001.0,Hyderabad,12-05-2014,2014,36,Sunrisers Hyderabad,Mumbai Indians,"Rajiv Gandhi International Stadium, Uppal",Sunrisers Hyderabad,bat,N,Mumbai Indians,Wickets,7.0,,AT Rayudu,HDPK Dharmasena,VA Kulkarni
733997.0,Cuttack,11-05-2014,2014,34,Kings XI Punjab,Kolkata Knight Riders,Barabati Stadium,Kolkata Knight Riders,field,N,Kolkata Knight Riders,Wickets,9.0,,G Gambhir,NJ Llong,CK Nandan
733999.0,Bangalore,11-05-2014,2014,35,Royal Challengers Bangalore,Rajasthan Royals,M Chinnaswamy Stadium,Royal Challengers Bangalore,bat,N,Rajasthan Royals,Wickets,5.0,,JP Faulkner,S Ravi,RJ Tucker
733995.0,Mumbai,10-05-2014,2014,33,Mumbai Indians,Chennai Super Kings,Wankhede Stadium,Chennai Super Kings,field,N,Chennai Super Kings,Wickets,4.0,,DR Smith,HDPK Dharmasena,VA Kulkarni
733993.0,Delhi,10-05-2014,2014,32,Delhi Daredevils,Sunrisers Hyderabad,Feroz Shah Kotla,Sunrisers Hyderabad,field,N,Sunrisers Hyderabad,Wickets,8.0,D/L,DW Steyn,RM Deshpande,BNJ Oxenford
733991.0,Bangalore,09-05-2014,2014,31,Royal Challengers Bangalore,Kings XI Punjab,M Chinnaswamy Stadium,Royal Challengers Bangalore,field,N,Kings XI Punjab,Runs,32.0,,Sandeep Sharma,S Ravi,K Srinath
733989.0,Ahmedabad,08-05-2014,2014,30,Rajasthan Royals,Sunrisers Hyderabad,"Sardar Patel Stadium, Motera",Rajasthan Royals,field,N,Sunrisers Hyderabad,Runs,32.0,,B Kumar,AK Chaudhary,NJ Llong
733985.0,Delhi,07-05-2014,2014,28,Delhi Daredevils,Kolkata Knight Riders,Feroz Shah Kotla,Delhi Daredevils,bat,N,Kolkata Knight Riders,Wickets,8.0,,G Gambhir,BNJ Oxenford,C Shamshuddin
733987.0,Cuttack,07-05-2014,2014,29,Kings XI Punjab,Chennai Super Kings,Barabati Stadium,Chennai Super Kings,field,N,Kings XI Punjab,Runs,44.0,,GJ Maxwell,HDPK Dharmasena,PG Pathak
733983.0,Mumbai,06-05-2014,2014,27,Mumbai Indians,Royal Challengers Bangalore,Wankhede Stadium,Royal Challengers Bangalore,field,N,Mumbai Indians,Runs,19.0,,RG Sharma,S Ravi,K Srinath
733981.0,Delhi,05-05-2014,2014,26,Delhi Daredevils,Chennai Super Kings,Feroz Shah Kotla,Chennai Super Kings,field,N,Chennai Super Kings,Wickets,8.0,,DR Smith,RM Deshpande,BNJ Oxenford
733979.0,Ahmedabad,05-05-2014,2014,25,Rajasthan Royals,Kolkata Knight Riders,"Sardar Patel Stadium, Motera",Kolkata Knight Riders,field,N,Rajasthan Royals,Runs,10.0,,PV Tambe,NJ Llong,CK Nandan
733977.0,Bangalore,04-05-2014,2014,24,Royal Challengers Bangalore,Sunrisers Hyderabad,M Chinnaswamy Stadium,Royal Challengers Bangalore,field,N,Royal Challengers Bangalore,Wickets,4.0,,AB de Villiers,HDPK Dharmasena,VA Kulkarni
733975.0,Delhi,03-05-2014,2014,23,Delhi Daredevils,Rajasthan Royals,Feroz Shah Kotla,Rajasthan Royals,field,N,Rajasthan Royals,Wickets,7.0,,KK Nair,SS Hazare,S Ravi
733973.0,Mumbai,03-05-2014,2014,22,Mumbai Indians,Kings XI Punjab,Wankhede Stadium,Kings XI Punjab,bat,N,Mumbai Indians,Wickets,5.0,,CJ Anderson,BNJ Oxenford,C Shamshuddin
733971.0,Ranchi,02-05-2014,2014,21,Chennai Super Kings,Kolkata Knight Riders,JSCA International Stadium Complex,Chennai Super Kings,bat,N,Chennai Super Kings,Runs,34.0,,RA Jadeja,AK Chaudhary,NJ Llong
729317.0,,30-04-2014,2014,20,Mumbai Indians,Sunrisers Hyderabad,Dubai International Cricket Stadium,Mumbai Indians,field,N,Sunrisers Hyderabad,Runs,15.0,,B Kumar,HDPK Dharmasena,M Erasmus
729315.0,Abu Dhabi,29-04-2014,2014,19,Kolkata Knight Riders,Rajasthan Royals,Sheikh Zayed Stadium,Rajasthan Royals,bat,Y,Rajasthan Royals,SuperOver,,,JP Faulkner,Aleem Dar,AK Chaudhary
729313.0,,28-04-2014,2014,18,Kings XI Punjab,Royal Challengers Bangalore,Dubai International Cricket Stadium,Kings XI Punjab,field,N,Kings XI Punjab,Wickets,5.0,,Sandeep Sharma,BF Bowden,S Ravi
729311.0,,27-04-2014,2014,17,Sunrisers Hyderabad,Chennai Super Kings,Sharjah Cricket Stadium,Sunrisers Hyderabad,bat,N,Chennai Super Kings,Wickets,5.0,,DR Smith,AK Chaudhary,VA Kulkarni
729309.0,,27-04-2014,2014,16,Delhi Daredevils,Mumbai Indians,Sharjah Cricket Stadium,Mumbai Indians,bat,N,Delhi Daredevils,Wickets,6.0,,M Vijay,Aleem Dar,VA Kulkarni
729307.0,Abu Dhabi,26-04-2014,2014,15,Kolkata Knight Riders,Kings XI Punjab,Sheikh Zayed Stadium,Kolkata Knight Riders,field,N,Kings XI Punjab,Runs,23.0,,Sandeep Sharma,HDPK Dharmasena,RK Illingworth
729305.0,Abu Dhabi,26-04-2014,2014,14,Rajasthan Royals,Royal Challengers Bangalore,Sheikh Zayed Stadium,Rajasthan Royals,field,N,Rajasthan Royals,Wickets,6.0,,PV Tambe,HDPK Dharmasena,C Shamshuddin
729301.0,,25-04-2014,2014,12,Sunrisers Hyderabad,Delhi Daredevils,Dubai International Cricket Stadium,Sunrisers Hyderabad,bat,N,Sunrisers Hyderabad,Runs,4.0,,AJ Finch,M Erasmus,S Ravi
729303.0,,25-04-2014,2014,13,Chennai Super Kings,Mumbai Indians,Dubai International Cricket Stadium,Mumbai Indians,bat,N,Chennai Super Kings,Wickets,7.0,,MM Sharma,BF Bowden,M Erasmus
729299.0,,24-04-2014,2014,11,Royal Challengers Bangalore,Kolkata Knight Riders,Sharjah Cricket Stadium,Royal Challengers Bangalore,field,N,Kolkata Knight Riders,Runs,2.0,,CA Lynn,Aleem Dar,VA Kulkarni
729297.0,,23-04-2014,2014,10,Rajasthan Royals,Chennai Super Kings,Dubai International Cricket Stadium,Rajasthan Royals,field,N,Chennai Super Kings,Runs,7.0,,RA Jadeja,HDPK Dharmasena,RK Illingworth
729295.0,,22-04-2014,2014,9,Kings XI Punjab,Sunrisers Hyderabad,Sharjah Cricket Stadium,Sunrisers Hyderabad,field,N,Kings XI Punjab,Runs,72.0,,GJ Maxwell,M Erasmus,S Ravi
729293.0,Abu Dhabi,21-04-2014,2014,8,Chennai Super Kings,Delhi Daredevils,Sheikh Zayed Stadium,Chennai Super Kings,bat,N,Chennai Super Kings,Runs,93.0,,SK Raina,RK Illingworth,C Shamshuddin
729291.0,,20-04-2014,2014,7,Rajasthan Royals,Kings XI Punjab,Sharjah Cricket Stadium,Kings XI Punjab,field,N,Kings XI Punjab,Wickets,7.0,,GJ Maxwell,BF Bowden,M Erasmus
729289.0,,19-04-2014,2014,6,Kolkata Knight Riders,Delhi Daredevils,Dubai International Cricket Stadium,Kolkata Knight Riders,bat,N,Delhi Daredevils,Wickets,4.0,,JP Duminy,Aleem Dar,VA Kulkarni
729287.0,,19-04-2014,2014,5,Royal Challengers Bangalore,Mumbai Indians,Dubai International Cricket Stadium,Royal Challengers Bangalore,field,N,Royal Challengers Bangalore,Wickets,7.0,,PA Patel,Aleem Dar,AK Chaudhary
729285.0,Abu Dhabi,18-04-2014,2014,4,Sunrisers Hyderabad,Rajasthan Royals,Sheikh Zayed Stadium,Rajasthan Royals,field,N,Rajasthan Royals,Wickets,4.0,,AM Rahane,BF Bowden,RK Illingworth
729283.0,Abu Dhabi,18-04-2014,2014,3,Chennai Super Kings,Kings XI Punjab,Sheikh Zayed Stadium,Chennai Super Kings,bat,N,Kings XI Punjab,Wickets,6.0,,GJ Maxwell,RK Illingworth,C Shamshuddin
729281.0,,17-04-2014,2014,2,Delhi Daredevils,Royal Challengers Bangalore,Sharjah Cricket Stadium,Royal Challengers Bangalore,field,N,Royal Challengers Bangalore,Wickets,8.0,,YS Chahal,Aleem Dar,S Ravi
729279.0,Abu Dhabi,16-04-2014,2014,1,Mumbai Indians,Kolkata Knight Riders,Sheikh Zayed Stadium,Kolkata Knight Riders,bat,N,Kolkata Knight Riders,Runs,41.0,,JH Kallis,M Erasmus,RK Illingworth
598073.0,Kolkata,26-05-2013,2013,Final,Chennai Super Kings,Mumbai Indians,Eden Gardens,Mumbai Indians,bat,N,Mumbai Indians,Runs,23.0,,KA Pollard,HDPK Dharmasena,SJA Taufel
598072.0,Kolkata,24-05-2013,2013,Qualifier 2,Mumbai Indians,Rajasthan Royals,Eden Gardens,Rajasthan Royals,bat,N,Mumbai Indians,Wickets,4.0,,Harbhajan Singh,C Shamshuddin,SJA Taufel
598071.0,Delhi,22-05-2013,2013,Eliminator,Rajasthan Royals,Sunrisers Hyderabad,Feroz Shah Kotla,Sunrisers Hyderabad,bat,N,Rajasthan Royals,Wickets,4.0,,BJ Hodge,S Ravi,RJ Tucker
598070.0,Delhi,21-05-2013,2013,Qualifier 1,Chennai Super Kings,Mumbai Indians,Feroz Shah Kotla,Chennai Super Kings,bat,N,Chennai Super Kings,Runs,48.0,,MEK Hussey,NJ Llong,RJ Tucker
598069.0,Hyderabad,19-05-2013,2013,72,Sunrisers Hyderabad,Kolkata Knight Riders,"Rajiv Gandhi International Stadium, Uppal",Kolkata Knight Riders,bat,N,Sunrisers Hyderabad,Wickets,5.0,,PA Patel,Asad Rauf,S Asnani
598067.0,Pune,19-05-2013,2013,71,Pune Warriors,Delhi Daredevils,Subrata Roy Sahara Stadium,Pune Warriors,bat,N,Pune Warriors,Runs,38.0,,LJ Wright,NJ Llong,SJA Taufel
598068.0,Bangalore,18-05-2013,2013,70,Royal Challengers Bangalore,Chennai Super Kings,M Chinnaswamy Stadium,Chennai Super Kings,field,N,Royal Challengers Bangalore,Runs,24.0,,V Kohli,C Shamshuddin,RJ Tucker
598066.0,Dharamsala,18-05-2013,2013,69,Kings XI Punjab,Mumbai Indians,Himachal Pradesh Cricket Association Stadium,Mumbai Indians,field,N,Kings XI Punjab,Runs,50.0,,Azhar Mahmood,HDPK Dharmasena,CK Nandan
598065.0,Hyderabad,17-05-2013,2013,68,Sunrisers Hyderabad,Rajasthan Royals,"Rajiv Gandhi International Stadium, Uppal",Sunrisers Hyderabad,bat,N,Sunrisers Hyderabad,Runs,23.0,,A Mishra,Asad Rauf,AK Chaudhary
598028.0,Dharamsala,16-05-2013,2013,67,Kings XI Punjab,Delhi Daredevils,Himachal Pradesh Cricket Association Stadium,Delhi Daredevils,field,N,Kings XI Punjab,Runs,7.0,,DA Miller,HDPK Dharmasena,S Ravi
598063.0,Mumbai,15-05-2013,2013,66,Mumbai Indians,Rajasthan Royals,Wankhede Stadium,Rajasthan Royals,field,N,Mumbai Indians,Runs,14.0,,AP Tare,Asad Rauf,S Asnani
598061.0,Ranchi,15-05-2013,2013,65,Kolkata Knight Riders,Pune Warriors,JSCA International Stadium Complex,Kolkata Knight Riders,field,N,Pune Warriors,Runs,7.0,,MK Pandey,NJ Llong,K Srinath
598062.0,Chennai,14-05-2013,2013,64,Chennai Super Kings,Delhi Daredevils,"MA Chidambaram Stadium, Chepauk",Chennai Super Kings,bat,N,Chennai Super Kings,Runs,33.0,,MS Dhoni,C Shamshuddin,RJ Tucker
598045.0,Bangalore,14-05-2013,2013,63,Royal Challengers Bangalore,Kings XI Punjab,M Chinnaswamy Stadium,Kings XI Punjab,field,N,Kings XI Punjab,Wickets,7.0,,AC Gilchrist,HDPK Dharmasena,S Ravi
598060.0,Mumbai,13-05-2013,2013,62,Mumbai Indians,Sunrisers Hyderabad,Wankhede Stadium,Sunrisers Hyderabad,bat,N,Mumbai Indians,Wickets,7.0,,KA Pollard,AK Chaudhary,SJA Taufel
598058.0,Jaipur,12-05-2013,2013,61,Rajasthan Royals,Chennai Super Kings,Sawai Mansingh Stadium,Rajasthan Royals,field,N,Rajasthan Royals,Wickets,5.0,,SR Watson,HDPK Dharmasena,CK Nandan
598057.0,Ranchi,12-05-2013,2013,60,Kolkata Knight Riders,Royal Challengers Bangalore,JSCA International Stadium Complex,Kolkata Knight Riders,field,N,Kolkata Knight Riders,Wickets,5.0,,JH Kallis,NJ Llong,K Srinath
598056.0,Chandigarh,11-05-2013,2013,59,Kings XI Punjab,Sunrisers Hyderabad,"Punjab Cricket Association Stadium, Mohali",Kings XI Punjab,field,N,Sunrisers Hyderabad,Runs,30.0,,PA Patel,S Das,RJ Tucker
598055.0,Pune,11-05-2013,2013,58,Pune Warriors,Mumbai Indians,Subrata Roy Sahara Stadium,Pune Warriors,bat,N,Mumbai Indians,Wickets,5.0,,MG Johnson,Asad Rauf,AK Chaudhary
598054.0,Delhi,10-05-2013,2013,57,Delhi Daredevils,Royal Challengers Bangalore,Feroz Shah Kotla,Delhi Daredevils,field,N,Royal Challengers Bangalore,Runs,4.0,,JD Unadkat,NJ Llong,K Srinath
598053.0,Pune,09-05-2013,2013,56,Pune Warriors,Kolkata Knight Riders,Subrata Roy Sahara Stadium,Kolkata Knight Riders,bat,N,Kolkata Knight Riders,Runs,46.0,,G Gambhir,Asad Rauf,S Asnani
598052.0,Chandigarh,09-05-2013,2013,55,Kings XI Punjab,Rajasthan Royals,"Punjab Cricket Association Stadium, Mohali",Rajasthan Royals,field,N,Rajasthan Royals,Wickets,8.0,,KK Cooper,HDPK Dharmasena,S Ravi
598051.0,Hyderabad,08-05-2013,2013,54,Sunrisers Hyderabad,Chennai Super Kings,"Rajiv Gandhi International Stadium, Uppal",Sunrisers Hyderabad,field,N,Chennai Super Kings,Runs,77.0,,SK Raina,S Das,NJ Llong
598049.0,Jaipur,07-05-2013,2013,52,Rajasthan Royals,Delhi Daredevils,Sawai Mansingh Stadium,Delhi Daredevils,bat,N,Rajasthan Royals,Wickets,9.0,,AM Rahane,Aleem Dar,RJ Tucker
598050.0,Mumbai,07-05-2013,2013,53,Mumbai Indians,Kolkata Knight Riders,Wankhede Stadium,Mumbai Indians,bat,N,Mumbai Indians,Runs,65.0,,SR Tendulkar,HDPK Dharmasena,S Ravi
598064.0,Chandigarh,06-05-2013,2013,51,Kings XI Punjab,Royal Challengers Bangalore,"Punjab Cricket Association Stadium, Mohali",Kings XI Punjab,field,N,Kings XI Punjab,Wickets,6.0,,DA Miller,VA Kulkarni,NJ Llong
598047.0,Jaipur,05-05-2013,2013,50,Rajasthan Royals,Pune Warriors,Sawai Mansingh Stadium,Pune Warriors,bat,N,Rajasthan Royals,Wickets,5.0,,AM Rahane,C Shamshuddin,RJ Tucker
598046.0,Mumbai,05-05-2013,2013,49,Mumbai Indians,Chennai Super Kings,Wankhede Stadium,Mumbai Indians,bat,N,Mumbai Indians,Runs,60.0,,MG Johnson,HDPK Dharmasena,CK Nandan
598044.0,Hyderabad,04-05-2013,2013,48,Sunrisers Hyderabad,Delhi Daredevils,"Rajiv Gandhi International Stadium, Uppal",Delhi Daredevils,bat,N,Sunrisers Hyderabad,Wickets,6.0,,DJG Sammy,Asad Rauf,S Asnani
598043.0,Kolkata,03-05-2013,2013,47,Kolkata Knight Riders,Rajasthan Royals,Eden Gardens,Rajasthan Royals,bat,N,Kolkata Knight Riders,Wickets,8.0,,YK Pathan,HDPK Dharmasena,CK Nandan
598042.0,Pune,02-05-2013,2013,46,Pune Warriors,Royal Challengers Bangalore,Subrata Roy Sahara Stadium,Royal Challengers Bangalore,bat,N,Royal Challengers Bangalore,Runs,17.0,,AB de Villiers,Aleem Dar,C Shamshuddin
598041.0,Chennai,02-05-2013,2013,45,Chennai Super Kings,Kings XI Punjab,"MA Chidambaram Stadium, Chepauk",Chennai Super Kings,bat,N,Chennai Super Kings,Runs,15.0,,SK Raina,M Erasmus,VA Kulkarni
598040.0,Raipur,01-05-2013,2013,44,Delhi Daredevils,Kolkata Knight Riders,Shaheed Veer Narayan Singh International Stadium,Kolkata Knight Riders,bat,N,Delhi Daredevils,Wickets,7.0,,DA Warner,HDPK Dharmasena,CK Nandan
598039.0,Hyderabad,01-05-2013,2013,43,Sunrisers Hyderabad,Mumbai Indians,"Rajiv Gandhi International Stadium, Uppal",Mumbai Indians,bat,N,Sunrisers Hyderabad,Wickets,7.0,,I Sharma,Asad Rauf,S Asnani
598038.0,Pune,30-04-2013,2013,42,Pune Warriors,Chennai Super Kings,Subrata Roy Sahara Stadium,Chennai Super Kings,bat,N,Chennai Super Kings,Runs,37.0,,MS Dhoni,S Das,SJA Taufel
598037.0,Mumbai,29-04-2013,2013,41,Mumbai Indians,Kings XI Punjab,Wankhede Stadium,Mumbai Indians,bat,N,Mumbai Indians,Runs,4.0,,RG Sharma,Asad Rauf,AK Chaudhary
598036.0,Jaipur,29-04-2013,2013,40,Rajasthan Royals,Royal Challengers Bangalore,Sawai Mansingh Stadium,Rajasthan Royals,field,N,Rajasthan Royals,Wickets,4.0,,SV Samson,M Erasmus,K Srinath
598034.0,Chennai,28-04-2013,2013,38,Chennai Super Kings,Kolkata Knight Riders,"MA Chidambaram Stadium, Chepauk",Kolkata Knight Riders,field,N,Chennai Super Kings,Runs,14.0,,MEK Hussey,Aleem Dar,SJA Taufel
598035.0,Raipur,28-04-2013,2013,39,Delhi Daredevils,Pune Warriors,Shaheed Veer Narayan Singh International Stadium,Pune Warriors,field,N,Delhi Daredevils,Runs,15.0,,DA Warner,CK Nandan,S Ravi
598033.0,Mumbai,27-04-2013,2013,37,Mumbai Indians,Royal Challengers Bangalore,Wankhede Stadium,Mumbai Indians,bat,N,Mumbai Indians,Runs,58.0,,DR Smith,Asad Rauf,S Asnani
598032.0,Jaipur,27-04-2013,2013,36,Rajasthan Royals,Sunrisers Hyderabad,Sawai Mansingh Stadium,Sunrisers Hyderabad,bat,N,Rajasthan Royals,Wickets,8.0,,JP Faulkner,VA Kulkarni,K Srinath
598031.0,Kolkata,26-04-2013,2013,35,Kolkata Knight Riders,Kings XI Punjab,Eden Gardens,Kings XI Punjab,bat,N,Kolkata Knight Riders,Wickets,6.0,,JH Kallis,CK Nandan,S Ravi
598030.0,Chennai,25-04-2013,2013,34,Chennai Super Kings,Sunrisers Hyderabad,"MA Chidambaram Stadium, Chepauk",Sunrisers Hyderabad,bat,N,Chennai Super Kings,Wickets,5.0,,MS Dhoni,Aleem Dar,S Das
598029.0,Kolkata,24-04-2013,2013,33,Kolkata Knight Riders,Mumbai Indians,Eden Gardens,Kolkata Knight Riders,bat,N,Mumbai Indians,Wickets,5.0,,DR Smith,HDPK Dharmasena,S Ravi
598059.0,Delhi,23-04-2013,2013,32,Delhi Daredevils,Kings XI Punjab,Feroz Shah Kotla,Kings XI Punjab,field,N,Kings XI Punjab,Wickets,5.0,,Harmeet Singh,VA Kulkarni,K Srinath
598027.0,Bangalore,23-04-2013,2013,31,Royal Challengers Bangalore,Pune Warriors,M Chinnaswamy Stadium,Pune Warriors,field,N,Royal Challengers Bangalore,Runs,130.0,,CH Gayle,Aleem Dar,C Shamshuddin
598026.0,Chennai,22-04-2013,2013,30,Chennai Super Kings,Rajasthan Royals,"MA Chidambaram Stadium, Chepauk",Rajasthan Royals,bat,N,Chennai Super Kings,Wickets,5.0,,MEK Hussey,S Asnani,AK Chaudhary
598025.0,Chandigarh,21-04-2013,2013,29,Kings XI Punjab,Pune Warriors,"Punjab Cricket Association Stadium, Mohali",Kings XI Punjab,field,N,Kings XI Punjab,Wickets,7.0,,DA Miller,M Erasmus,K Srinath
598024.0,Delhi,21-04-2013,2013,28,Delhi Daredevils,Mumbai Indians,Feroz Shah Kotla,Mumbai Indians,bat,N,Delhi Daredevils,Wickets,9.0,,V Sehwag,HDPK Dharmasena,S Ravi
598023.0,Bangalore,20-04-2013,2013,27,Royal Challengers Bangalore,Rajasthan Royals,M Chinnaswamy Stadium,Royal Challengers Bangalore,field,N,Royal Challengers Bangalore,Wickets,7.0,,R Vinay Kumar,Aleem Dar,C Shamshuddin
598022.0,Kolkata,20-04-2013,2013,26,Kolkata Knight Riders,Chennai Super Kings,Eden Gardens,Kolkata Knight Riders,bat,N,Chennai Super Kings,Wickets,4.0,,RA Jadeja,Asad Rauf,AK Chaudhary
598021.0,Hyderabad,19-04-2013,2013,25,Sunrisers Hyderabad,Kings XI Punjab,"Rajiv Gandhi International Stadium, Uppal",Kings XI Punjab,bat,N,Sunrisers Hyderabad,Wickets,5.0,,GH Vihari,HDPK Dharmasena,CK Nandan
598020.0,Delhi,18-04-2013,2013,24,Delhi Daredevils,Chennai Super Kings,Feroz Shah Kotla,Chennai Super Kings,bat,N,Chennai Super Kings,Runs,86.0,,MEK Hussey,M Erasmus,VA Kulkarni
598019.0,Jaipur,17-04-2013,2013,23,Rajasthan Royals,Mumbai Indians,Sawai Mansingh Stadium,Rajasthan Royals,bat,N,Rajasthan Royals,Runs,87.0,,AM Rahane,Aleem Dar,C Shamshuddin
598018.0,Pune,17-04-2013,2013,22,Pune Warriors,Sunrisers Hyderabad,Maharashtra Cricket Association Stadium,Pune Warriors,field,N,Sunrisers Hyderabad,Runs,11.0,,A Mishra,Asad Rauf,AK Chaudhary
598016.0,Chandigarh,16-04-2013,2013,20,Kings XI Punjab,Kolkata Knight Riders,"Punjab Cricket Association Stadium, Mohali",Kolkata Knight Riders,field,N,Kings XI Punjab,Runs,4.0,,MS Gony,CK Nandan,SJA Taufel
598017.0,Bangalore,16-04-2013,2013,21,Royal Challengers Bangalore,Delhi Daredevils,M Chinnaswamy Stadium,Royal Challengers Bangalore,field,Y,Royal Challengers Bangalore,SuperOver,,,V Kohli,M Erasmus,VA Kulkarni
598015.0,Chennai,15-04-2013,2013,19,Chennai Super Kings,Pune Warriors,"MA Chidambaram Stadium, Chepauk",Pune Warriors,bat,N,Pune Warriors,Runs,24.0,,SPD Smith,Asad Rauf,AK Chaudhary
598014.0,Jaipur,14-04-2013,2013,18,Rajasthan Royals,Kings XI Punjab,Sawai Mansingh Stadium,Rajasthan Royals,field,N,Rajasthan Royals,Wickets,6.0,,JP Faulkner,Aleem Dar,C Shamshuddin
598013.0,Kolkata,14-04-2013,2013,17,Kolkata Knight Riders,Sunrisers Hyderabad,Eden Gardens,Kolkata Knight Riders,bat,N,Kolkata Knight Riders,Runs,48.0,,G Gambhir,M Erasmus,VA Kulkarni
598012.0,Chennai,13-04-2013,2013,16,Chennai Super Kings,Royal Challengers Bangalore,"MA Chidambaram Stadium, Chepauk",Chennai Super Kings,field,N,Chennai Super Kings,Wickets,4.0,,RA Jadeja,Asad Rauf,AK Chaudhary
598011.0,Mumbai,13-04-2013,2013,15,Mumbai Indians,Pune Warriors,Wankhede Stadium,Mumbai Indians,bat,N,Mumbai Indians,Runs,41.0,,RG Sharma,S Ravi,SJA Taufel
598010.0,Delhi,12-04-2013,2013,14,Delhi Daredevils,Sunrisers Hyderabad,Feroz Shah Kotla,Delhi Daredevils,bat,N,Sunrisers Hyderabad,Wickets,3.0,,A Mishra,Aleem Dar,Subroto Das
598009.0,Pune,11-04-2013,2013,13,Pune Warriors,Rajasthan Royals,Subrata Roy Sahara Stadium,Rajasthan Royals,bat,N,Pune Warriors,Wickets,7.0,,AJ Finch,M Erasmus,K Srinath
598008.0,Bangalore,11-04-2013,2013,12,Royal Challengers Bangalore,Kolkata Knight Riders,M Chinnaswamy Stadium,Royal Challengers Bangalore,field,N,Royal Challengers Bangalore,Wickets,8.0,,CH Gayle,Asad Rauf,AK Chaudhary
598007.0,Chandigarh,10-04-2013,2013,11,Kings XI Punjab,Chennai Super Kings,"Punjab Cricket Association Stadium, Mohali",Chennai Super Kings,field,N,Chennai Super Kings,Wickets,10.0,,MEK Hussey,Aleem Dar,C Shamshuddin
598048.0,Bangalore,09-04-2013,2013,9,Royal Challengers Bangalore,Sunrisers Hyderabad,M Chinnaswamy Stadium,Sunrisers Hyderabad,bat,N,Royal Challengers Bangalore,Wickets,7.0,,V Kohli,S Ravi,SJA Taufel
598006.0,Mumbai,09-04-2013,2013,10,Mumbai Indians,Delhi Daredevils,Wankhede Stadium,Mumbai Indians,bat,N,Mumbai Indians,Runs,44.0,,KD Karthik,M Erasmus,VA Kulkarni
598005.0,Jaipur,08-04-2013,2013,8,Rajasthan Royals,Kolkata Knight Riders,Sawai Mansingh Stadium,Kolkata Knight Riders,field,N,Rajasthan Royals,Runs,19.0,,SK Trivedi,Aleem Dar,S Das
598004.0,Hyderabad,07-04-2013,2013,7,Sunrisers Hyderabad,Royal Challengers Bangalore,"Rajiv Gandhi International Stadium, Uppal",Royal Challengers Bangalore,bat,Y,Sunrisers Hyderabad,SuperOver,,,GH Vihari,AK Chaudhary,S Ravi
598003.0,Pune,07-04-2013,2013,6,Pune Warriors,Kings XI Punjab,Subrata Roy Sahara Stadium,Pune Warriors,bat,N,Kings XI Punjab,Wickets,8.0,,M Vohra,S Asnani,SJA Taufel
598002.0,Chennai,06-04-2013,2013,5,Chennai Super Kings,Mumbai Indians,"MA Chidambaram Stadium, Chepauk",Mumbai Indians,bat,N,Mumbai Indians,Runs,9.0,,KA Pollard,M Erasmus,VA Kulkarni
598001.0,Delhi,06-04-2013,2013,4,Delhi Daredevils,Rajasthan Royals,Feroz Shah Kotla,Rajasthan Royals,bat,N,Rajasthan Royals,Runs,5.0,,R Dravid,S Das,C Shamshuddin
598000.0,Hyderabad,05-04-2013,2013,3,Sunrisers Hyderabad,Pune Warriors,"Rajiv Gandhi International Stadium, Uppal",Pune Warriors,field,N,Sunrisers Hyderabad,Runs,22.0,,A Mishra,S Ravi,SJA Taufel
597999.0,Bangalore,04-04-2013,2013,2,Royal Challengers Bangalore,Mumbai Indians,M Chinnaswamy Stadium,Mumbai Indians,field,N,Royal Challengers Bangalore,Runs,2.0,,CH Gayle,VA Kulkarni,C Shamshuddin
597998.0,Kolkata,03-04-2013,2013,1,Kolkata Knight Riders,Delhi Daredevils,Eden Gardens,Kolkata Knight Riders,field,N,Kolkata Knight Riders,Wickets,6.0,,SP Narine,S Ravi,SJA Taufel
548381.0,Chennai,27-05-2012,2012,Final,Kolkata Knight Riders,Chennai Super Kings,"MA Chidambaram Stadium, Chepauk",Chennai Super Kings,bat,N,Kolkata Knight Riders,Wickets,5.0,,MS Bisla,BF Bowden,SJA Taufel
548380.0,Chennai,25-05-2012,2012,Qualifier 2,Delhi Daredevils,Chennai Super Kings,"MA Chidambaram Stadium, Chepauk",Delhi Daredevils,field,N,Chennai Super Kings,Runs,86.0,,M Vijay,BR Doctrove,SJA Taufel
548379.0,Bangalore,23-05-2012,2012,Elimination Final,Chennai Super Kings,Mumbai Indians,M Chinnaswamy Stadium,Mumbai Indians,field,N,Chennai Super Kings,Runs,38.0,,MS Dhoni,BF Bowden,HDPK Dharmasena
548378.0,Pune,22-05-2012,2012,Qualifier 1,Delhi Daredevils,Kolkata Knight Riders,Subrata Roy Sahara Stadium,Kolkata Knight Riders,bat,N,Kolkata Knight Riders,Runs,18.0,,YK Pathan,BR Doctrove,SJA Taufel
548377.0,Jaipur,20-05-2012,2012,72,Rajasthan Royals,Mumbai Indians,Sawai Mansingh Stadium,Rajasthan Royals,bat,N,Mumbai Indians,Wickets,10.0,,DR Smith,HDPK Dharmasena,C Shamshuddin
548376.0,Hyderabad,20-05-2012,2012,71,Deccan Chargers,Royal Challengers Bangalore,"Rajiv Gandhi International Stadium, Uppal",Royal Challengers Bangalore,field,N,Deccan Chargers,Runs,9.0,,DW Steyn,S Ravi,SJA Taufel
548375.0,Pune,19-05-2012,2012,70,Pune Warriors,Kolkata Knight Riders,Subrata Roy Sahara Stadium,Kolkata Knight Riders,bat,N,Kolkata Knight Riders,Runs,34.0,,Shakib Al Hasan,S Asnani,BR Doctrove
548374.0,Dharamsala,19-05-2012,2012,69,Kings XI Punjab,Delhi Daredevils,Himachal Pradesh Cricket Association Stadium,Delhi Daredevils,field,N,Delhi Daredevils,Wickets,6.0,,UT Yadav,BF Bowden,VA Kulkarni
548373.0,Hyderabad,18-05-2012,2012,68,Deccan Chargers,Rajasthan Royals,"Rajiv Gandhi International Stadium, Uppal",Rajasthan Royals,bat,N,Deccan Chargers,Wickets,5.0,,DW Steyn,S Ravi,SJA Taufel
548371.0,Dharamsala,17-05-2012,2012,66,Kings XI Punjab,Chennai Super Kings,Himachal Pradesh Cricket Association Stadium,Kings XI Punjab,field,N,Kings XI Punjab,Wickets,6.0,,AC Gilchrist,VA Kulkarni,SK Tarapore
548372.0,Delhi,17-05-2012,2012,67,Delhi Daredevils,Royal Challengers Bangalore,Feroz Shah Kotla,Delhi Daredevils,field,N,Royal Challengers Bangalore,Runs,21.0,,CH Gayle,HDPK Dharmasena,C Shamshuddin
548370.0,Mumbai,16-05-2012,2012,65,Mumbai Indians,Kolkata Knight Riders,Wankhede Stadium,Mumbai Indians,field,N,Kolkata Knight Riders,Runs,32.0,,SP Narine,S Das,BR Doctrove
548369.0,Delhi,15-05-2012,2012,64,Delhi Daredevils,Kings XI Punjab,Feroz Shah Kotla,Kings XI Punjab,bat,N,Delhi Daredevils,Wickets,5.0,,UT Yadav,HDPK Dharmasena,BNJ Oxenford
548368.0,Kolkata,14-05-2012,2012,63,Kolkata Knight Riders,Chennai Super Kings,Eden Gardens,Chennai Super Kings,field,N,Chennai Super Kings,Wickets,5.0,,MEK Hussey,JD Cloete,SJA Taufel
548367.0,Bangalore,14-05-2012,2012,62,Royal Challengers Bangalore,Mumbai Indians,M Chinnaswamy Stadium,Mumbai Indians,field,N,Mumbai Indians,Wickets,5.0,,AT Rayudu,S Das,BR Doctrove
548366.0,Chandigarh,13-05-2012,2012,61,Kings XI Punjab,Deccan Chargers,"Punjab Cricket Association Stadium, Mohali",Deccan Chargers,bat,N,Kings XI Punjab,Wickets,4.0,,DJ Hussey,HDPK Dharmasena,BNJ Oxenford
548365.0,Jaipur,13-05-2012,2012,60,Rajasthan Royals,Pune Warriors,Sawai Mansingh Stadium,Rajasthan Royals,bat,N,Rajasthan Royals,Runs,45.0,,A Chandila,BF Bowden,SK Tarapore
548364.0,Chennai,12-05-2012,2012,59,Chennai Super Kings,Delhi Daredevils,"MA Chidambaram Stadium, Chepauk",Chennai Super Kings,field,N,Chennai Super Kings,Wickets,9.0,,BW Hilfenhaus,S Das,BR Doctrove
548363.0,Kolkata,12-05-2012,2012,58,Kolkata Knight Riders,Mumbai Indians,Eden Gardens,Mumbai Indians,bat,N,Mumbai Indians,Runs,27.0,,RG Sharma,S Ravi,SJA Taufel
548362.0,Pune,11-05-2012,2012,57,Pune Warriors,Royal Challengers Bangalore,Subrata Roy Sahara Stadium,Pune Warriors,field,N,Royal Challengers Bangalore,Runs,35.0,,CH Gayle,BF Bowden,SK Tarapore
548361.0,Jaipur,10-05-2012,2012,56,Rajasthan Royals,Chennai Super Kings,Sawai Mansingh Stadium,Chennai Super Kings,field,N,Chennai Super Kings,Wickets,4.0,,BW Hilfenhaus,BNJ Oxenford,C Shamshuddin
548329.0,Hyderabad,10-05-2012,2012,55,Deccan Chargers,Delhi Daredevils,"Rajiv Gandhi International Stadium, Uppal",Deccan Chargers,bat,N,Delhi Daredevils,Wickets,9.0,,DA Warner,JD Cloete,SJA Taufel
548360.0,Mumbai,09-05-2012,2012,54,Mumbai Indians,Royal Challengers Bangalore,Wankhede Stadium,Royal Challengers Bangalore,field,N,Royal Challengers Bangalore,Wickets,9.0,,CH Gayle,BF Bowden,VA Kulkarni
548359.0,Hyderabad,08-05-2012,2012,53,Deccan Chargers,Kings XI Punjab,"Rajiv Gandhi International Stadium, Uppal",Deccan Chargers,field,N,Kings XI Punjab,Runs,25.0,,Mandeep Singh,HDPK Dharmasena,BNJ Oxenford
548358.0,Pune,08-05-2012,2012,52,Pune Warriors,Rajasthan Royals,Subrata Roy Sahara Stadium,Pune Warriors,bat,N,Rajasthan Royals,Wickets,7.0,,SR Watson,Asad Rauf,BR Doctrove
548357.0,Delhi,07-05-2012,2012,51,Delhi Daredevils,Kolkata Knight Riders,Feroz Shah Kotla,Delhi Daredevils,bat,N,Kolkata Knight Riders,Wickets,6.0,,JH Kallis,JD Cloete,S Ravi
548356.0,Bangalore,06-05-2012,2012,50,Royal Challengers Bangalore,Deccan Chargers,M Chinnaswamy Stadium,Royal Challengers Bangalore,field,N,Royal Challengers Bangalore,Wickets,5.0,,AB de Villiers,HDPK Dharmasena,BNJ Oxenford
548355.0,Mumbai,06-05-2012,2012,49,Mumbai Indians,Chennai Super Kings,Wankhede Stadium,Mumbai Indians,field,N,Mumbai Indians,Wickets,2.0,,DR Smith,Asad Rauf,S Asnani
548354.0,Chandigarh,05-05-2012,2012,48,Kings XI Punjab,Rajasthan Royals,"Punjab Cricket Association Stadium, Mohali",Rajasthan Royals,bat,N,Rajasthan Royals,Runs,43.0,,SR Watson,JD Cloete,SJA Taufel
548353.0,Kolkata,05-05-2012,2012,47,Kolkata Knight Riders,Pune Warriors,Eden Gardens,Kolkata Knight Riders,bat,N,Kolkata Knight Riders,Runs,7.0,,SP Narine,BF Bowden,SK Tarapore
548352.0,Chennai,04-05-2012,2012,46,Chennai Super Kings,Deccan Chargers,"MA Chidambaram Stadium, Chepauk",Chennai Super Kings,bat,N,Chennai Super Kings,Runs,10.0,,SK Raina,HDPK Dharmasena,BNJ Oxenford
548351.0,Pune,03-05-2012,2012,45,Pune Warriors,Mumbai Indians,Subrata Roy Sahara Stadium,Mumbai Indians,bat,N,Mumbai Indians,Runs,1.0,,SL Malinga,Asad Rauf,S Asnani
548350.0,Bangalore,02-05-2012,2012,44,Royal Challengers Bangalore,Kings XI Punjab,M Chinnaswamy Stadium,Kings XI Punjab,field,N,Kings XI Punjab,Wickets,4.0,,Azhar Mahmood,BF Bowden,C Shamshuddin
548349.0,Jaipur,01-05-2012,2012,43,Rajasthan Royals,Delhi Daredevils,Sawai Mansingh Stadium,Rajasthan Royals,bat,N,Delhi Daredevils,Wickets,6.0,,P Negi,JD Cloete,SJA Taufel
548348.0,Cuttack,01-05-2012,2012,42,Deccan Chargers,Pune Warriors,Barabati Stadium,Deccan Chargers,bat,N,Deccan Chargers,Runs,13.0,,KC Sangakkara,Aleem Dar,AK Chaudhary
548347.0,Chennai,30-04-2012,2012,41,Chennai Super Kings,Kolkata Knight Riders,"MA Chidambaram Stadium, Chepauk",Chennai Super Kings,bat,N,Kolkata Knight Riders,Wickets,5.0,,G Gambhir,BF Bowden,C Shamshuddin
548346.0,Mumbai,29-04-2012,2012,40,Mumbai Indians,Deccan Chargers,Wankhede Stadium,Mumbai Indians,field,N,Mumbai Indians,Wickets,5.0,,DW Steyn,AK Chaudhary,BNJ Oxenford
548345.0,Delhi,29-04-2012,2012,39,Delhi Daredevils,Rajasthan Royals,Feroz Shah Kotla,Delhi Daredevils,bat,N,Delhi Daredevils,Runs,1.0,,V Sehwag,S Ravi,RJ Tucker
548344.0,Kolkata,28-04-2012,2012,38,Kolkata Knight Riders,Royal Challengers Bangalore,Eden Gardens,Kolkata Knight Riders,bat,N,Kolkata Knight Riders,Runs,47.0,,G Gambhir,Asad Rauf,BR Doctrove
548343.0,Chennai,28-04-2012,2012,37,Chennai Super Kings,Kings XI Punjab,"MA Chidambaram Stadium, Chepauk",Kings XI Punjab,bat,N,Kings XI Punjab,Runs,7.0,,Mandeep Singh,BF Bowden,SK Tarapore
548342.0,Delhi,27-04-2012,2012,36,Delhi Daredevils,Mumbai Indians,Feroz Shah Kotla,Mumbai Indians,field,N,Delhi Daredevils,Runs,37.0,,V Sehwag,Aleem Dar,BNJ Oxenford
548341.0,Pune,26-04-2012,2012,35,Pune Warriors,Deccan Chargers,Subrata Roy Sahara Stadium,Deccan Chargers,bat,N,Deccan Chargers,Runs,18.0,,CL White,S Ravi,RJ Tucker
548339.0,Chandigarh,25-04-2012,2012,33,Kings XI Punjab,Mumbai Indians,"Punjab Cricket Association Stadium, Mohali",Kings XI Punjab,bat,N,Mumbai Indians,Wickets,4.0,,AT Rayudu,Aleem Dar,BNJ Oxenford
548337.0,Pune,24-04-2012,2012,31,Pune Warriors,Delhi Daredevils,Subrata Roy Sahara Stadium,Pune Warriors,bat,N,Delhi Daredevils,Wickets,8.0,,V Sehwag,S Ravi,RJ Tucker
548336.0,Jaipur,23-04-2012,2012,30,Rajasthan Royals,Royal Challengers Bangalore,Sawai Mansingh Stadium,Rajasthan Royals,field,N,Royal Challengers Bangalore,Runs,46.0,,AB de Villiers,Asad Rauf,S Asnani
548334.0,Mumbai,22-04-2012,2012,28,Mumbai Indians,Kings XI Punjab,Wankhede Stadium,Mumbai Indians,bat,N,Kings XI Punjab,Wickets,6.0,,SE Marsh,S Ravi,RJ Tucker
548335.0,Cuttack,22-04-2012,2012,29,Deccan Chargers,Kolkata Knight Riders,Barabati Stadium,Kolkata Knight Riders,field,N,Kolkata Knight Riders,Wickets,5.0,,B Lee,BF Bowden,SK Tarapore
548333.0,Delhi,21-04-2012,2012,27,Delhi Daredevils,Pune Warriors,Feroz Shah Kotla,Delhi Daredevils,field,N,Pune Warriors,Runs,20.0,,SC Ganguly,Asad Rauf,S Das
548332.0,Chennai,21-04-2012,2012,26,Chennai Super Kings,Rajasthan Royals,"MA Chidambaram Stadium, Chepauk",Rajasthan Royals,bat,N,Chennai Super Kings,Wickets,7.0,,F du Plessis,Aleem Dar,BNJ Oxenford
548331.0,Chandigarh,20-04-2012,2012,25,Kings XI Punjab,Royal Challengers Bangalore,"Punjab Cricket Association Stadium, Mohali",Royal Challengers Bangalore,field,N,Royal Challengers Bangalore,Wickets,5.0,,CH Gayle,S Ravi,RJ Tucker
548330.0,Chennai,19-04-2012,2012,24,Chennai Super Kings,Pune Warriors,"MA Chidambaram Stadium, Chepauk",Pune Warriors,field,N,Chennai Super Kings,Runs,13.0,,KMDN Kulasekara,Asad Rauf,S Das
548321.0,Delhi,19-04-2012,2012,23,Delhi Daredevils,Deccan Chargers,Feroz Shah Kotla,Deccan Chargers,bat,N,Delhi Daredevils,Wickets,5.0,,KP Pietersen,BF Bowden,SK Tarapore
548328.0,Chandigarh,18-04-2012,2012,22,Kings XI Punjab,Kolkata Knight Riders,"Punjab Cricket Association Stadium, Mohali",Kings XI Punjab,bat,N,Kolkata Knight Riders,Wickets,8.0,,G Gambhir,JD Cloete,RJ Tucker
548327.0,Bangalore,17-04-2012,2012,21,Royal Challengers Bangalore,Pune Warriors,M Chinnaswamy Stadium,Pune Warriors,bat,N,Royal Challengers Bangalore,Wickets,6.0,,CH Gayle,S Asnani,S Das
548326.0,Jaipur,17-04-2012,2012,20,Rajasthan Royals,Deccan Chargers,Sawai Mansingh Stadium,Deccan Chargers,bat,N,Rajasthan Royals,Wickets,5.0,,BJ Hodge,Aleem Dar,BNJ Oxenford
548325.0,Mumbai,16-04-2012,2012,19,Mumbai Indians,Delhi Daredevils,Wankhede Stadium,Delhi Daredevils,field,N,Delhi Daredevils,Wickets,7.0,,S Nadeem,BF Bowden,SK Tarapore
548324.0,Bangalore,15-04-2012,2012,18,Royal Challengers Bangalore,Rajasthan Royals,M Chinnaswamy Stadium,Rajasthan Royals,bat,N,Rajasthan Royals,Runs,59.0,,AM Rahane,JD Cloete,RJ Tucker
548323.0,Kolkata,15-04-2012,2012,17,Kolkata Knight Riders,Kings XI Punjab,Eden Gardens,Kolkata Knight Riders,field,N,Kings XI Punjab,Runs,2.0,,SP Narine,Asad Rauf,S Asnani
548322.0,Pune,14-04-2012,2012,16,Pune Warriors,Chennai Super Kings,Subrata Roy Sahara Stadium,Chennai Super Kings,bat,N,Pune Warriors,Wickets,7.0,,JD Ryder,Aleem Dar,BNJ Oxenford
548320.0,Kolkata,13-04-2012,2012,15,Kolkata Knight Riders,Rajasthan Royals,Eden Gardens,Rajasthan Royals,bat,N,Kolkata Knight Riders,Wickets,5.0,,Shakib Al Hasan,Asad Rauf,S Asnani
548319.0,Chandigarh,12-04-2012,2012,14,Kings XI Punjab,Pune Warriors,"Punjab Cricket Association Stadium, Mohali",Kings XI Punjab,field,N,Kings XI Punjab,Wickets,7.0,,AD Mascarenhas,VA Kulkarni,SK Tarapore
548318.0,Chennai,12-04-2012,2012,13,Chennai Super Kings,Royal Challengers Bangalore,"MA Chidambaram Stadium, Chepauk",Royal Challengers Bangalore,bat,N,Chennai Super Kings,Wickets,5.0,,F du Plessis,HDPK Dharmasena,RJ Tucker
548317.0,Mumbai,11-04-2012,2012,12,Mumbai Indians,Rajasthan Royals,Wankhede Stadium,Rajasthan Royals,field,N,Mumbai Indians,Runs,27.0,,KA Pollard,Aleem Dar,BNJ Oxenford
548316.0,Delhi,10-04-2012,2012,11,Delhi Daredevils,Chennai Super Kings,Feroz Shah Kotla,Delhi Daredevils,field,N,Delhi Daredevils,Wickets,8.0,,M Morkel,Asad Rauf,SK Tarapore
548315.0,Bangalore,10-04-2012,2012,10,Royal Challengers Bangalore,Kolkata Knight Riders,M Chinnaswamy Stadium,Royal Challengers Bangalore,field,N,Kolkata Knight Riders,Runs,42.0,,L Balaji,S Ravi,RJ Tucker
548314.0,Visakhapatnam,09-04-2012,2012,9,Deccan Chargers,Mumbai Indians,Dr. Y.S. Rajasekhara Reddy ACA-VDCA Cricket Stadium,Deccan Chargers,bat,N,Mumbai Indians,Wickets,5.0,,RG Sharma,AK Chaudhary,JD Cloete
548313.0,Pune,08-04-2012,2012,8,Pune Warriors,Kings XI Punjab,Subrata Roy Sahara Stadium,Pune Warriors,bat,N,Pune Warriors,Runs,22.0,,MN Samuels,S Das,SJA Taufel
548312.0,Jaipur,08-04-2012,2012,7,Rajasthan Royals,Kolkata Knight Riders,Sawai Mansingh Stadium,Kolkata Knight Riders,field,N,Rajasthan Royals,Runs,22.0,,BJ Hodge,BF Bowden,VA Kulkarni
548311.0,Visakhapatnam,07-04-2012,2012,6,Deccan Chargers,Chennai Super Kings,Dr. Y.S. Rajasekhara Reddy ACA-VDCA Cricket Stadium,Deccan Chargers,field,N,Chennai Super Kings,Runs,74.0,,RA Jadeja,JD Cloete,HDPK Dharmasena
548310.0,Bangalore,07-04-2012,2012,5,Royal Challengers Bangalore,Delhi Daredevils,M Chinnaswamy Stadium,Delhi Daredevils,field,N,Royal Challengers Bangalore,Runs,20.0,,AB de Villiers,S Asnani,S Ravi
548309.0,Jaipur,06-04-2012,2012,4,Rajasthan Royals,Kings XI Punjab,Sawai Mansingh Stadium,Kings XI Punjab,field,N,Rajasthan Royals,Runs,31.0,,AM Rahane,BF Bowden,SK Tarapore
548308.0,Mumbai,06-04-2012,2012,3,Mumbai Indians,Pune Warriors,Wankhede Stadium,Mumbai Indians,field,N,Pune Warriors,Runs,28.0,,SPD Smith,AK Chaudhary,SJA Taufel
548307.0,Kolkata,05-04-2012,2012,2,Kolkata Knight Riders,Delhi Daredevils,Eden Gardens,Delhi Daredevils,field,N,Delhi Daredevils,Wickets,8.0,,IK Pathan,S Asnani,HDPK Dharmasena
548306.0,Chennai,04-04-2012,2012,1,Chennai Super Kings,Mumbai Indians,"MA Chidambaram Stadium, Chepauk",Mumbai Indians,field,N,Mumbai Indians,Wickets,8.0,,RE Levi,JD Cloete,SJA Taufel
501271.0,Chennai,28-05-2011,2011,Final,Chennai Super Kings,Royal Challengers Bangalore,"MA Chidambaram Stadium, Chepauk",Chennai Super Kings,bat,N,Chennai Super Kings,Runs,58.0,,M Vijay,Asad Rauf,SJA Taufel
501270.0,Chennai,27-05-2011,2011,Qualifier 2,Royal Challengers Bangalore,Mumbai Indians,"MA Chidambaram Stadium, Chepauk",Mumbai Indians,field,N,Royal Challengers Bangalore,Runs,43.0,,CH Gayle,Asad Rauf,SJA Taufel
501269.0,Mumbai,25-05-2011,2011,Elimination Final,Mumbai Indians,Kolkata Knight Riders,Wankhede Stadium,Mumbai Indians,field,N,Mumbai Indians,Wickets,4.0,,MM Patel,Asad Rauf,SJA Taufel
501268.0,Mumbai,24-05-2011,2011,Qualifier 1,Royal Challengers Bangalore,Chennai Super Kings,Wankhede Stadium,Chennai Super Kings,field,N,Chennai Super Kings,Wickets,6.0,,SK Raina,Asad Rauf,SJA Taufel
501267.0,Kolkata,22-05-2011,2011,70,Kolkata Knight Riders,Mumbai Indians,Eden Gardens,Mumbai Indians,field,N,Mumbai Indians,Wickets,5.0,,JEC Franklin,SK Tarapore,SJA Taufel
501266.0,Bangalore,22-05-2011,2011,69,Royal Challengers Bangalore,Chennai Super Kings,M Chinnaswamy Stadium,Royal Challengers Bangalore,field,N,Royal Challengers Bangalore,Wickets,8.0,,CH Gayle,K Hariharan,RE Koertzen
501265.0,Delhi,21-05-2011,2011,68,Delhi Daredevils,Pune Warriors,Feroz Shah Kotla,Delhi Daredevils,bat,,,NoResults,,,,SS Hazare,RJ Tucker
501264.0,Dharamsala,21-05-2011,2011,67,Kings XI Punjab,Deccan Chargers,Himachal Pradesh Cricket Association Stadium,Kings XI Punjab,field,N,Deccan Chargers,Runs,82.0,,S Dhawan,Asad Rauf,AM Saheba
501263.0,Mumbai,20-05-2011,2011,66,Mumbai Indians,Rajasthan Royals,Wankhede Stadium,Mumbai Indians,bat,N,Rajasthan Royals,Wickets,10.0,,SR Watson,RE Koertzen,PR Reiffel
501262.0,Mumbai,19-05-2011,2011,65,Pune Warriors,Kolkata Knight Riders,Dr DY Patil Sports Academy,Kolkata Knight Riders,field,N,Kolkata Knight Riders,Wickets,7.0,,YK Pathan,S Ravi,SJA Taufel
501261.0,Chennai,18-05-2011,2011,64,Chennai Super Kings,Kochi Tuskers Kerala,"MA Chidambaram Stadium, Chepauk",Chennai Super Kings,bat,N,Chennai Super Kings,Runs,11.0,,WP Saha,HDPK Dharmasena,RE Koertzen
501260.0,Dharamsala,17-05-2011,2011,63,Kings XI Punjab,Royal Challengers Bangalore,Himachal Pradesh Cricket Association Stadium,Kings XI Punjab,bat,N,Kings XI Punjab,Runs,111.0,,AC Gilchrist,Asad Rauf,AM Saheba
501259.0,Mumbai,16-05-2011,2011,62,Pune Warriors,Deccan Chargers,Dr DY Patil Sports Academy,Deccan Chargers,field,N,Deccan Chargers,Wickets,6.0,,A Mishra,S Ravi,SK Tarapore
501258.0,Indore,15-05-2011,2011,61,Kochi Tuskers Kerala,Rajasthan Royals,Holkar Cricket Stadium,Kochi Tuskers Kerala,field,N,Kochi Tuskers Kerala,Wickets,8.0,,BJ Hodge,PR Reiffel,RJ Tucker
501257.0,Dharamsala,15-05-2011,2011,60,Kings XI Punjab,Delhi Daredevils,Himachal Pradesh Cricket Association Stadium,Delhi Daredevils,field,N,Kings XI Punjab,Runs,29.0,,PP Chawla,Asad Rauf,SL Shastri
501255.0,Bangalore,14-05-2011,2011,58,Royal Challengers Bangalore,Kolkata Knight Riders,M Chinnaswamy Stadium,Royal Challengers Bangalore,field,N,Royal Challengers Bangalore,Wickets,4.0,D/L,CH Gayle,RE Koertzen,RB Tiffin
501256.0,Mumbai,14-05-2011,2011,59,Mumbai Indians,Deccan Chargers,Wankhede Stadium,Deccan Chargers,bat,N,Deccan Chargers,Runs,10.0,,A Mishra,S Ravi,SK Tarapore
501254.0,Indore,13-05-2011,2011,57,Kochi Tuskers Kerala,Kings XI Punjab,Holkar Cricket Stadium,Kings XI Punjab,field,N,Kings XI Punjab,Wickets,6.0,,KD Karthik,S Asnani,RJ Tucker
501253.0,Chennai,12-05-2011,2011,56,Chennai Super Kings,Delhi Daredevils,"MA Chidambaram Stadium, Chepauk",Chennai Super Kings,bat,N,Chennai Super Kings,Runs,18.0,,MS Dhoni,AM Saheba,SL Shastri
501252.0,Jaipur,11-05-2011,2011,55,Rajasthan Royals,Royal Challengers Bangalore,Sawai Mansingh Stadium,Royal Challengers Bangalore,field,N,Royal Challengers Bangalore,Wickets,9.0,,S Aravind,HDPK Dharmasena,K Hariharan
501251.0,Chandigarh,10-05-2011,2011,54,Kings XI Punjab,Mumbai Indians,"Punjab Cricket Association Stadium, Mohali",Mumbai Indians,field,N,Kings XI Punjab,Runs,76.0,,BA Bhatt,SK Tarapore,RJ Tucker
501250.0,Hyderabad,10-05-2011,2011,53,Deccan Chargers,Pune Warriors,"Rajiv Gandhi International Stadium, Uppal",Deccan Chargers,bat,N,Pune Warriors,Wickets,6.0,,MR Marsh,Asad Rauf,AM Saheba
501249.0,Jaipur,09-05-2011,2011,52,Rajasthan Royals,Chennai Super Kings,Sawai Mansingh Stadium,Rajasthan Royals,field,N,Chennai Super Kings,Runs,63.0,,M Vijay,K Hariharan,SJA Taufel
501248.0,Chandigarh,08-05-2011,2011,51,Kings XI Punjab,Pune Warriors,"Punjab Cricket Association Stadium, Mohali",Kings XI Punjab,bat,N,Pune Warriors,Wickets,5.0,,R Sharma,SK Tarapore,RJ Tucker
501247.0,Bangalore,08-05-2011,2011,50,Royal Challengers Bangalore,Kochi Tuskers Kerala,M Chinnaswamy Stadium,Kochi Tuskers Kerala,bat,N,Royal Challengers Bangalore,Wickets,9.0,,CH Gayle,Aleem Dar,SS Hazare
501246.0,Mumbai,07-05-2011,2011,49,Mumbai Indians,Delhi Daredevils,Wankhede Stadium,Delhi Daredevils,field,N,Mumbai Indians,Runs,32.0,,AT Rayudu,K Hariharan,SJA Taufel
501245.0,Kolkata,07-05-2011,2011,48,Kolkata Knight Riders,Chennai Super Kings,Eden Gardens,Chennai Super Kings,bat,N,Kolkata Knight Riders,Runs,10.0,D/L,Iqbal Abdulla,Asad Rauf,PR Reiffel
501244.0,Bangalore,06-05-2011,2011,47,Royal Challengers Bangalore,Kings XI Punjab,M Chinnaswamy Stadium,Kings XI Punjab,field,N,Royal Challengers Bangalore,Runs,85.0,,CH Gayle,Aleem Dar,RB Tiffin
501243.0,Hyderabad,05-05-2011,2011,46,Deccan Chargers,Delhi Daredevils,"Rajiv Gandhi International Stadium, Uppal",Delhi Daredevils,field,N,Delhi Daredevils,Wickets,4.0,,V Sehwag,Asad Rauf,AM Saheba
501242.0,Kochi,05-05-2011,2011,45,Kochi Tuskers Kerala,Kolkata Knight Riders,Nehru Stadium,Kolkata Knight Riders,field,N,Kochi Tuskers Kerala,Runs,17.0,,BJ Hodge,S Ravi,RJ Tucker
501241.0,Mumbai,04-05-2011,2011,44,Pune Warriors,Mumbai Indians,Dr DY Patil Sports Academy,Pune Warriors,field,N,Mumbai Indians,Runs,21.0,,R Sharma,HDPK Dharmasena,SJA Taufel
501240.0,Chennai,04-05-2011,2011,43,Chennai Super Kings,Rajasthan Royals,"MA Chidambaram Stadium, Chepauk",Rajasthan Royals,bat,N,Chennai Super Kings,Wickets,8.0,,MEK Hussey,SS Hazare,RB Tiffin
501239.0,Hyderabad,03-05-2011,2011,42,Deccan Chargers,Kolkata Knight Riders,"Rajiv Gandhi International Stadium, Uppal",Deccan Chargers,field,N,Kolkata Knight Riders,Runs,20.0,,YK Pathan,S Asnani,RJ Tucker
501238.0,Delhi,02-05-2011,2011,41,Delhi Daredevils,Kochi Tuskers Kerala,Feroz Shah Kotla,Kochi Tuskers Kerala,field,N,Kochi Tuskers Kerala,Wickets,7.0,,P Parameswaran,Asad Rauf,SL Shastri
501237.0,Mumbai,02-05-2011,2011,40,Mumbai Indians,Kings XI Punjab,Wankhede Stadium,Kings XI Punjab,field,N,Mumbai Indians,Runs,23.0,,KA Pollard,HDPK Dharmasena,PR Reiffel
501235.0,Jaipur,01-05-2011,2011,38,Rajasthan Royals,Pune Warriors,Sawai Mansingh Stadium,Rajasthan Royals,field,N,Rajasthan Royals,Wickets,6.0,,LRPL Taylor,SK Tarapore,SJA Taufel
501236.0,Chennai,01-05-2011,2011,39,Chennai Super Kings,Deccan Chargers,"MA Chidambaram Stadium, Chepauk",Chennai Super Kings,bat,N,Chennai Super Kings,Runs,19.0,,JA Morkel,Aleem Dar,RB Tiffin
501233.0,Kochi,30-04-2011,2011,36,Kochi Tuskers Kerala,Delhi Daredevils,Nehru Stadium,Delhi Daredevils,bat,N,Delhi Daredevils,Runs,38.0,,V Sehwag,HDPK Dharmasena,AL Hill
501234.0,Kolkata,30-04-2011,2011,37,Kolkata Knight Riders,Kings XI Punjab,Eden Gardens,Kolkata Knight Riders,field,N,Kolkata Knight Riders,Wickets,8.0,,Iqbal Abdulla,AM Saheba,SL Shastri
501232.0,Bangalore,29-04-2011,2011,35,Royal Challengers Bangalore,Pune Warriors,M Chinnaswamy Stadium,Pune Warriors,field,N,Royal Challengers Bangalore,Runs,26.0,,V Kohli,Aleem Dar,SS Hazare
501231.0,Jaipur,29-04-2011,2011,34,Rajasthan Royals,Mumbai Indians,Sawai Mansingh Stadium,Rajasthan Royals,field,N,Rajasthan Royals,Wickets,7.0,,J Botha,Asad Rauf,SK Tarapore
501230.0,Delhi,28-04-2011,2011,33,Delhi Daredevils,Kolkata Knight Riders,Feroz Shah Kotla,Delhi Daredevils,field,N,Kolkata Knight Riders,Runs,17.0,,MK Tiwary,PR Reiffel,RJ Tucker
501228.0,Mumbai,27-04-2011,2011,31,Pune Warriors,Chennai Super Kings,Dr DY Patil Sports Academy,Pune Warriors,bat,N,Chennai Super Kings,Wickets,8.0,,DE Bollinger,Asad Rauf,SL Shastri
501229.0,Kochi,27-04-2011,2011,32,Kochi Tuskers Kerala,Deccan Chargers,Nehru Stadium,Kochi Tuskers Kerala,field,N,Deccan Chargers,Runs,55.0,,I Sharma,HDPK Dharmasena,AL Hill
501227.0,Delhi,26-04-2011,2011,30,Delhi Daredevils,Royal Challengers Bangalore,Feroz Shah Kotla,Royal Challengers Bangalore,field,N,Royal Challengers Bangalore,Wickets,3.0,,V Kohli,S Asnani,RJ Tucker
501226.0,Chennai,25-04-2011,2011,29,Chennai Super Kings,Pune Warriors,"MA Chidambaram Stadium, Chepauk",Pune Warriors,field,N,Chennai Super Kings,Runs,25.0,,MEK Hussey,Aleem Dar,RB Tiffin
501225.0,Jaipur,24-04-2011,2011,28,Rajasthan Royals,Kochi Tuskers Kerala,Sawai Mansingh Stadium,Rajasthan Royals,field,N,Rajasthan Royals,Wickets,8.0,,SK Warne,BR Doctrove,SK Tarapore
501224.0,Hyderabad,24-04-2011,2011,27,Deccan Chargers,Mumbai Indians,"Rajiv Gandhi International Stadium, Uppal",Deccan Chargers,field,N,Mumbai Indians,Runs,37.0,,SL Malinga,HDPK Dharmasena,AL Hill
501223.0,Delhi,23-04-2011,2011,26,Delhi Daredevils,Kings XI Punjab,Feroz Shah Kotla,Kings XI Punjab,field,N,Delhi Daredevils,Runs,29.0,,DA Warner,S Asnani,RE Koertzen
501222.0,Kolkata,22-04-2011,2011,24,Kolkata Knight Riders,Royal Challengers Bangalore,Eden Gardens,Royal Challengers Bangalore,field,N,Royal Challengers Bangalore,Wickets,9.0,,CH Gayle,SS Hazare,RB Tiffin
501221.0,Mumbai,22-04-2011,2011,25,Mumbai Indians,Chennai Super Kings,Wankhede Stadium,Chennai Super Kings,field,N,Mumbai Indians,Runs,8.0,,Harbhajan Singh,Asad Rauf,AM Saheba
501220.0,Chandigarh,21-04-2011,2011,23,Kings XI Punjab,Rajasthan Royals,"Punjab Cricket Association Stadium, Mohali",Rajasthan Royals,field,N,Kings XI Punjab,Runs,48.0,,SE Marsh,S Asnani,PR Reiffel
501218.0,Mumbai,20-04-2011,2011,21,Mumbai Indians,Pune Warriors,Wankhede Stadium,Pune Warriors,bat,N,Mumbai Indians,Wickets,7.0,,MM Patel,Asad Rauf,AM Saheba
501219.0,Kolkata,20-04-2011,2011,22,Kolkata Knight Riders,Kochi Tuskers Kerala,Eden Gardens,Kolkata Knight Riders,field,N,Kochi Tuskers Kerala,Runs,6.0,,DPMD Jayawardene,Aleem Dar,RB Tiffin
501216.0,Delhi,19-04-2011,2011,19,Delhi Daredevils,Deccan Chargers,Feroz Shah Kotla,Deccan Chargers,bat,N,Deccan Chargers,Runs,16.0,,S Sohal,PR Reiffel,RJ Tucker
501215.0,Kochi,18-04-2011,2011,18,Kochi Tuskers Kerala,Chennai Super Kings,Nehru Stadium,Kochi Tuskers Kerala,field,N,Kochi Tuskers Kerala,Wickets,7.0,D/L,BB McCullum,K Hariharan,AL Hill
501214.0,Kolkata,17-04-2011,2011,17,Kolkata Knight Riders,Rajasthan Royals,Eden Gardens,Kolkata Knight Riders,field,N,Kolkata Knight Riders,Wickets,8.0,,L Balaji,Aleem Dar,RB Tiffin
501213.0,Mumbai,17-04-2011,2011,16,Pune Warriors,Delhi Daredevils,Dr DY Patil Sports Academy,Delhi Daredevils,field,N,Delhi Daredevils,Wickets,3.0,,Yuvraj Singh,Asad Rauf,AM Saheba
501212.0,Hyderabad,16-04-2011,2011,15,Deccan Chargers,Kings XI Punjab,"Rajiv Gandhi International Stadium, Uppal",Kings XI Punjab,field,N,Kings XI Punjab,Wickets,8.0,,PC Valthaty,RE Koertzen,S Ravi
501211.0,Chennai,16-04-2011,2011,14,Chennai Super Kings,Royal Challengers Bangalore,"MA Chidambaram Stadium, Chepauk",Chennai Super Kings,bat,N,Chennai Super Kings,Runs,21.0,,MEK Hussey,HDPK Dharmasena,AL Hill
501210.0,Mumbai,15-04-2011,2011,13,Mumbai Indians,Kochi Tuskers Kerala,Wankhede Stadium,Kochi Tuskers Kerala,field,N,Kochi Tuskers Kerala,Wickets,8.0,,BB McCullum,BR Doctrove,PR Reiffel
501209.0,Jaipur,15-04-2011,2011,12,Rajasthan Royals,Kolkata Knight Riders,Sawai Mansingh Stadium,Kolkata Knight Riders,field,N,Kolkata Knight Riders,Wickets,9.0,,G Gambhir,Aleem Dar,SS Hazare
501208.0,Hyderabad,14-04-2011,2011,11,Deccan Chargers,Royal Challengers Bangalore,"Rajiv Gandhi International Stadium, Uppal",Royal Challengers Bangalore,field,N,Deccan Chargers,Runs,33.0,,DW Steyn,RE Koertzen,S Ravi
501207.0,Mumbai,13-04-2011,2011,10,Pune Warriors,Kochi Tuskers Kerala,Dr DY Patil Sports Academy,Kochi Tuskers Kerala,bat,N,Pune Warriors,Wickets,4.0,,MD Mishra,S Asnani,PR Reiffel
501206.0,Chandigarh,13-04-2011,2011,9,Kings XI Punjab,Chennai Super Kings,"Punjab Cricket Association Stadium, Mohali",Kings XI Punjab,field,N,Kings XI Punjab,Wickets,6.0,,PC Valthaty,Asad Rauf,SL Shastri
501204.0,Jaipur,12-04-2011,2011,7,Rajasthan Royals,Delhi Daredevils,Sawai Mansingh Stadium,Delhi Daredevils,bat,N,Rajasthan Royals,Wickets,6.0,,SK Warne,Aleem Dar,RB Tiffin
501205.0,Bangalore,12-04-2011,2011,8,Royal Challengers Bangalore,Mumbai Indians,M Chinnaswamy Stadium,Mumbai Indians,field,N,Mumbai Indians,Wickets,9.0,,SR Tendulkar,HDPK Dharmasena,AL Hill
501203.0,Kolkata,11-04-2011,2011,6,Kolkata Knight Riders,Deccan Chargers,Eden Gardens,Kolkata Knight Riders,bat,N,Kolkata Knight Riders,Runs,9.0,,JH Kallis,RE Koertzen,SK Tarapore
501202.0,Mumbai,10-04-2011,2011,5,Pune Warriors,Kings XI Punjab,Dr DY Patil Sports Academy,Kings XI Punjab,bat,N,Pune Warriors,Wickets,7.0,,SB Wagh,BR Doctrove,PR Reiffel
501201.0,Delhi,10-04-2011,2011,4,Delhi Daredevils,Mumbai Indians,Feroz Shah Kotla,Delhi Daredevils,bat,N,Mumbai Indians,Wickets,8.0,,SL Malinga,AM Saheba,RB Tiffin
501200.0,Kochi,09-04-2011,2011,3,Kochi Tuskers Kerala,Royal Challengers Bangalore,Nehru Stadium,Kochi Tuskers Kerala,bat,N,Royal Challengers Bangalore,Wickets,6.0,,AB de Villiers,HDPK Dharmasena,K Hariharan
501199.0,Hyderabad,09-04-2011,2011,2,Deccan Chargers,Rajasthan Royals,"Rajiv Gandhi International Stadium, Uppal",Rajasthan Royals,field,N,Rajasthan Royals,Wickets,8.0,,SK Trivedi,RE Koertzen,SK Tarapore
501198.0,Chennai,08-04-2011,2011,1,Chennai Super Kings,Kolkata Knight Riders,"MA Chidambaram Stadium, Chepauk",Chennai Super Kings,bat,N,Chennai Super Kings,Runs,2.0,,S Anirudha,BR Doctrove,PR Reiffel
419165.0,Mumbai,25-04-2010,2009/10,Final,Chennai Super Kings,Mumbai Indians,Dr DY Patil Sports Academy,Chennai Super Kings,bat,N,Chennai Super Kings,Runs,22.0,,SK Raina,RE Koertzen,SJA Taufel
419164.0,Mumbai,24-04-2010,2009/10,3rd Place Play-Off,Royal Challengers Bangalore,Deccan Chargers,Dr DY Patil Sports Academy,Deccan Chargers,bat,N,Royal Challengers Bangalore,Wickets,9.0,,A Kumble,RE Koertzen,SJA Taufel
419163.0,Mumbai,22-04-2010,2009/10,Semi Final,Chennai Super Kings,Deccan Chargers,Dr DY Patil Sports Academy,Chennai Super Kings,bat,N,Chennai Super Kings,Runs,38.0,,DE Bollinger,BR Doctrove,RB Tiffin
419162.0,Mumbai,21-04-2010,2009/10,Semi Final,Royal Challengers Bangalore,Mumbai Indians,Dr DY Patil Sports Academy,Mumbai Indians,bat,N,Mumbai Indians,Runs,35.0,,KA Pollard,BR Doctrove,RB Tiffin
419161.0,Kolkata,19-04-2010,2009/10,56,Kolkata Knight Riders,Mumbai Indians,Eden Gardens,Mumbai Indians,bat,N,Kolkata Knight Riders,Wickets,9.0,,M Kartik,BG Jerling,RE Koertzen
419160.0,Delhi,18-04-2010,2009/10,55,Delhi Daredevils,Deccan Chargers,Feroz Shah Kotla,Deccan Chargers,bat,N,Deccan Chargers,Runs,11.0,,A Symonds,BR Doctrove,SK Tarapore
419159.0,Dharamsala,18-04-2010,2009/10,54,Kings XI Punjab,Chennai Super Kings,Himachal Pradesh Cricket Association Stadium,Chennai Super Kings,field,N,Chennai Super Kings,Wickets,6.0,,MS Dhoni,BF Bowden,AM Saheba
419158.0,Kolkata,17-04-2010,2009/10,53,Kolkata Knight Riders,Rajasthan Royals,Eden Gardens,Rajasthan Royals,bat,N,Kolkata Knight Riders,Wickets,8.0,,JD Unadkat,BG Jerling,RB Tiffin
419157.0,Bangalore,17-04-2010,2009/10,52,Royal Challengers Bangalore,Mumbai Indians,M Chinnaswamy Stadium,Royal Challengers Bangalore,field,N,Mumbai Indians,Runs,57.0,,R McLaren,HDPK Dharmasena,SJA Taufel
419156.0,Dharamsala,16-04-2010,2009/10,51,Kings XI Punjab,Deccan Chargers,Himachal Pradesh Cricket Association Stadium,Deccan Chargers,field,N,Deccan Chargers,Wickets,5.0,,RG Sharma,M Erasmus,AM Saheba
419155.0,Chennai,15-04-2010,2009/10,50,Chennai Super Kings,Delhi Daredevils,"MA Chidambaram Stadium, Chepauk",Chennai Super Kings,bat,N,Delhi Daredevils,Wickets,6.0,,G Gambhir,HDPK Dharmasena,SS Hazare
419154.0,Jaipur,14-04-2010,2009/10,49,Rajasthan Royals,Royal Challengers Bangalore,Sawai Mansingh Stadium,Rajasthan Royals,bat,N,Royal Challengers Bangalore,Wickets,5.0,,KP Pietersen,BR Doctrove,S Ravi
419153.0,Chennai,13-04-2010,2009/10,48,Chennai Super Kings,Kolkata Knight Riders,"MA Chidambaram Stadium, Chepauk",Kolkata Knight Riders,bat,N,Chennai Super Kings,Wickets,9.0,,R Ashwin,SS Hazare,SJA Taufel
419152.0,Mumbai,13-04-2010,2009/10,47,Mumbai Indians,Delhi Daredevils,Brabourne Stadium,Mumbai Indians,bat,N,Mumbai Indians,Runs,39.0,,KA Pollard,S Asnani,DJ Harper
419151.0,Nagpur,12-04-2010,2009/10,46,Deccan Chargers,Royal Challengers Bangalore,"Vidarbha Cricket Association Stadium, Jamtha",Royal Challengers Bangalore,field,N,Deccan Chargers,Runs,13.0,,Harmeet Singh,RE Koertzen,RB Tiffin
419150.0,Jaipur,11-04-2010,2009/10,45,Rajasthan Royals,Mumbai Indians,Sawai Mansingh Stadium,Rajasthan Royals,field,N,Mumbai Indians,Runs,37.0,,SR Tendulkar,BR Doctrove,SK Tarapore
419149.0,Delhi,11-04-2010,2009/10,44,Delhi Daredevils,Kings XI Punjab,Feroz Shah Kotla,Delhi Daredevils,bat,N,Kings XI Punjab,Wickets,7.0,,PP Chawla,BF Bowden,AM Saheba
419148.0,Bangalore,10-04-2010,2009/10,43,Royal Challengers Bangalore,Kolkata Knight Riders,M Chinnaswamy Stadium,Royal Challengers Bangalore,field,N,Royal Challengers Bangalore,Wickets,7.0,,R Vinay Kumar,K Hariharan,DJ Harper
419147.0,Nagpur,10-04-2010,2009/10,42,Deccan Chargers,Chennai Super Kings,"Vidarbha Cricket Association Stadium, Jamtha",Chennai Super Kings,bat,N,Deccan Chargers,Wickets,6.0,,RJ Harris,HDPK Dharmasena,SJA Taufel
419146.0,Chandigarh,09-04-2010,2009/10,41,Kings XI Punjab,Mumbai Indians,"Punjab Cricket Association Stadium, Mohali",Mumbai Indians,bat,N,Kings XI Punjab,Wickets,6.0,,KC Sangakkara,M Erasmus,AM Saheba
419145.0,Bangalore,08-04-2010,2009/10,40,Royal Challengers Bangalore,Deccan Chargers,M Chinnaswamy Stadium,Deccan Chargers,field,N,Deccan Chargers,Wickets,7.0,,TL Suman,S Asnani,DJ Harper
419144.0,Kolkata,07-04-2010,2009/10,39,Kolkata Knight Riders,Delhi Daredevils,Eden Gardens,Kolkata Knight Riders,bat,N,Kolkata Knight Riders,Runs,14.0,,SC Ganguly,BG Jerling,RE Koertzen
419143.0,Jaipur,07-04-2010,2009/10,38,Rajasthan Royals,Kings XI Punjab,Sawai Mansingh Stadium,Kings XI Punjab,bat,N,Rajasthan Royals,Wickets,9.0,,MJ Lumb,S Ravi,SK Tarapore
419142.0,Chennai,06-04-2010,2009/10,37,Chennai Super Kings,Mumbai Indians,"MA Chidambaram Stadium, Chepauk",Chennai Super Kings,bat,N,Chennai Super Kings,Runs,24.0,,SK Raina,S Asnani,DJ Harper
419141.0,Nagpur,05-04-2010,2009/10,36,Deccan Chargers,Rajasthan Royals,"Vidarbha Cricket Association Stadium, Jamtha",Rajasthan Royals,bat,N,Rajasthan Royals,Runs,2.0,,SK Warne,HDPK Dharmasena,SJA Taufel
419139.0,Kolkata,04-04-2010,2009/10,34,Kolkata Knight Riders,Kings XI Punjab,Eden Gardens,Kolkata Knight Riders,bat,N,Kings XI Punjab,Wickets,8.0,,DPMD Jayawardene,S Asnani,DJ Harper
419140.0,Delhi,04-04-2010,2009/10,35,Delhi Daredevils,Royal Challengers Bangalore,Feroz Shah Kotla,Delhi Daredevils,bat,N,Delhi Daredevils,Runs,37.0,,PD Collingwood,BF Bowden,M Erasmus
419138.0,Mumbai,03-04-2010,2009/10,33,Mumbai Indians,Deccan Chargers,Brabourne Stadium,Mumbai Indians,bat,N,Mumbai Indians,Runs,63.0,,AT Rayudu,BR Doctrove,S Ravi
419137.0,Chennai,03-04-2010,2009/10,32,Chennai Super Kings,Rajasthan Royals,"MA Chidambaram Stadium, Chepauk",Chennai Super Kings,bat,N,Chennai Super Kings,Runs,23.0,,M Vijay,RE Koertzen,RB Tiffin
419136.0,Chandigarh,02-04-2010,2009/10,31,Kings XI Punjab,Royal Challengers Bangalore,"Punjab Cricket Association Stadium, Mohali",Kings XI Punjab,bat,N,Royal Challengers Bangalore,Wickets,6.0,,KP Pietersen,BF Bowden,M Erasmus
419135.0,Kolkata,01-04-2010,2009/10,30,Kolkata Knight Riders,Deccan Chargers,Eden Gardens,Kolkata Knight Riders,bat,N,Kolkata Knight Riders,Runs,24.0,,SC Ganguly,K Hariharan,DJ Harper
419134.0,Delhi,31-03-2010,2009/10,29,Delhi Daredevils,Rajasthan Royals,Feroz Shah Kotla,Delhi Daredevils,bat,N,Delhi Daredevils,Runs,67.0,,KD Karthik,HDPK Dharmasena,SJA Taufel
419133.0,Chennai,31-03-2010,2009/10,28,Chennai Super Kings,Royal Challengers Bangalore,"MA Chidambaram Stadium, Chepauk",Royal Challengers Bangalore,bat,N,Chennai Super Kings,Wickets,5.0,,M Vijay,BG Jerling,RE Koertzen
419132.0,Mumbai,30-03-2010,2009/10,27,Mumbai Indians,Kings XI Punjab,Brabourne Stadium,Mumbai Indians,field,N,Mumbai Indians,Wickets,4.0,,SL Malinga,BR Doctrove,SK Tarapore
419131.0,Delhi,29-03-2010,2009/10,26,Delhi Daredevils,Kolkata Knight Riders,Feroz Shah Kotla,Delhi Daredevils,bat,N,Delhi Daredevils,Runs,40.0,,DA Warner,SS Hazare,SJA Taufel
419130.0,Mumbai,28-03-2010,2009/10,25,Deccan Chargers,Mumbai Indians,Dr DY Patil Sports Academy,Deccan Chargers,field,N,Mumbai Indians,Runs,41.0,,Harbhajan Singh,S Das,K Hariharan
419129.0,Ahmedabad,28-03-2010,2009/10,24,Rajasthan Royals,Chennai Super Kings,"Sardar Patel Stadium, Motera",Rajasthan Royals,bat,N,Rajasthan Royals,Runs,17.0,,NV Ojha,SS Hazare,SJA Taufel
419127.0,Chandigarh,27-03-2010,2009/10,23,Kings XI Punjab,Kolkata Knight Riders,"Punjab Cricket Association Stadium, Mohali",Kolkata Knight Riders,bat,N,Kolkata Knight Riders,Runs,39.0,,MK Tiwary,BR Doctrove,S Ravi
419126.0,Ahmedabad,26-03-2010,2009/10,22,Rajasthan Royals,Deccan Chargers,"Sardar Patel Stadium, Motera",Deccan Chargers,bat,N,Rajasthan Royals,Wickets,8.0,,YK Pathan,HDPK Dharmasena,SJA Taufel
419125.0,Mumbai,25-03-2010,2009/10,21,Chennai Super Kings,Mumbai Indians,"Brabourne Stadium, Mumbai",Mumbai Indians,field,N,Mumbai Indians,Wickets,5.0,,SR Tendulkar,AM Saheba,BF Bowden
419128.0,Bangalore,25-03-2010,2009/10,20,Royal Challengers Bangalore,Delhi Daredevils,M Chinnaswamy Stadium,Royal Challengers Bangalore,field,N,Delhi Daredevils,Runs,17.0,,KM Jadhav,BG Jerling,RE Koertzen
419124.0,Chandigarh,24-03-2010,2009/10,19,Kings XI Punjab,Rajasthan Royals,"Punjab Cricket Association Stadium, Mohali",Kings XI Punjab,field,N,Rajasthan Royals,Runs,31.0,,AC Voges,BR Doctrove,SK Tarapore
419123.0,Bangalore,23-03-2010,2009/10,18,Royal Challengers Bangalore,Chennai Super Kings,M Chinnaswamy Stadium,Chennai Super Kings,field,N,Royal Challengers Bangalore,Runs,36.0,,RV Uthappa,RE Koertzen,RB Tiffin
419122.0,Mumbai,22-03-2010,2009/10,17,Mumbai Indians,Kolkata Knight Riders,Brabourne Stadium,Kolkata Knight Riders,bat,N,Mumbai Indians,Wickets,7.0,,SR Tendulkar,SS Hazare,SJA Taufel
419121.0,Chennai,21-03-2010,2009/10,16,Chennai Super Kings,Kings XI Punjab,"MA Chidambaram Stadium, Chepauk",Chennai Super Kings,field,Y,Kings XI Punjab,SuperOver,,,J Theron,K Hariharan,DJ Harper
419120.0,Cuttack,21-03-2010,2009/10,15,Deccan Chargers,Delhi Daredevils,Barabati Stadium,Deccan Chargers,bat,N,Deccan Chargers,Runs,10.0,,A Symonds,BF Bowden,M Erasmus
419119.0,Mumbai,20-03-2010,2009/10,14,Mumbai Indians,Royal Challengers Bangalore,Brabourne Stadium,Mumbai Indians,bat,N,Royal Challengers Bangalore,Wickets,7.0,,JH Kallis,HDPK Dharmasena,SS Hazare
419118.0,Ahmedabad,20-03-2010,2009/10,13,Rajasthan Royals,Kolkata Knight Riders,"Sardar Patel Stadium, Motera",Rajasthan Royals,bat,N,Rajasthan Royals,Runs,34.0,,AA Jhunjhunwala,RE Koertzen,RB Tiffin
419116.0,Delhi,19-03-2010,2009/10,11,Delhi Daredevils,Chennai Super Kings,Feroz Shah Kotla,Delhi Daredevils,bat,N,Chennai Super Kings,Wickets,5.0,,ML Hayden,BR Doctrove,SK Tarapore
419117.0,Cuttack,19-03-2010,2009/10,12,Deccan Chargers,Kings XI Punjab,Barabati Stadium,Kings XI Punjab,field,N,Deccan Chargers,Runs,6.0,,A Symonds,BF Bowden,M Erasmus
419115.0,Bangalore,18-03-2010,2009/10,10,Royal Challengers Bangalore,Rajasthan Royals,M Chinnaswamy Stadium,Royal Challengers Bangalore,field,N,Royal Challengers Bangalore,Wickets,10.0,,JH Kallis,K Hariharan,DJ Harper
419114.0,Delhi,17-03-2010,2009/10,9,Delhi Daredevils,Mumbai Indians,Feroz Shah Kotla,Delhi Daredevils,field,N,Mumbai Indians,Runs,98.0,,SR Tendulkar,BR Doctrove,SK Tarapore
419113.0,Kolkata,16-03-2010,2009/10,8,Kolkata Knight Riders,Chennai Super Kings,Eden Gardens,Chennai Super Kings,bat,N,Chennai Super Kings,Runs,55.0,,MS Dhoni,HDPK Dharmasena,AM Saheba
419112.0,Bangalore,16-03-2010,2009/10,7,Royal Challengers Bangalore,Kings XI Punjab,M Chinnaswamy Stadium,Kings XI Punjab,bat,N,Royal Challengers Bangalore,Wickets,8.0,,JH Kallis,S Das,DJ Harper
419111.0,Ahmedabad,15-03-2010,2009/10,6,Rajasthan Royals,Delhi Daredevils,"Sardar Patel Stadium, Motera",Delhi Daredevils,field,N,Delhi Daredevils,Wickets,6.0,,V Sehwag,BG Jerling,RE Koertzen
419109.0,Kolkata,14-03-2010,2009/10,4,Kolkata Knight Riders,Royal Challengers Bangalore,Eden Gardens,Kolkata Knight Riders,field,N,Kolkata Knight Riders,Wickets,7.0,,MK Tiwary,HDPK Dharmasena,AM Saheba
419110.0,Chennai,14-03-2010,2009/10,5,Chennai Super Kings,Deccan Chargers,"MA Chidambaram Stadium, Chepauk",Deccan Chargers,bat,N,Deccan Chargers,Runs,31.0,,WPUJC Vaas,K Hariharan,DJ Harper
419108.0,Chandigarh,13-03-2010,2009/10,3,Kings XI Punjab,Delhi Daredevils,"Punjab Cricket Association Stadium, Mohali",Delhi Daredevils,field,N,Delhi Daredevils,Wickets,5.0,,G Gambhir,BR Doctrove,S Ravi
419107.0,Mumbai,13-03-2010,2009/10,2,Mumbai Indians,Rajasthan Royals,Brabourne Stadium,Mumbai Indians,bat,N,Mumbai Indians,Runs,4.0,,YK Pathan,RE Koertzen,RB Tiffin
419106.0,Mumbai,12-03-2010,2009/10,1,Deccan Chargers,Kolkata Knight Riders,Dr DY Patil Sports Academy,Deccan Chargers,field,N,Kolkata Knight Riders,Runs,11.0,,AD Mathews,RE Koertzen,RB Tiffin
392239.0,Johannesburg,24-05-2009,2009,Final,Royal Challengers Bangalore,Deccan Chargers,New Wanderers Stadium,Royal Challengers Bangalore,field,N,Deccan Chargers,Runs,6.0,,A Kumble,RE Koertzen,SJA Taufel
392238.0,Johannesburg,23-05-2009,2009,Semi Final,Royal Challengers Bangalore,Chennai Super Kings,New Wanderers Stadium,Royal Challengers Bangalore,field,N,Royal Challengers Bangalore,Wickets,6.0,,MK Pandey,RE Koertzen,SJA Taufel
392237.0,Centurion,22-05-2009,2009,Semi Final,Delhi Daredevils,Deccan Chargers,SuperSport Park,Deccan Chargers,field,N,Deccan Chargers,Wickets,6.0,,AC Gilchrist,BR Doctrove,DJ Harper
392236.0,Centurion,21-05-2009,2009,56,Royal Challengers Bangalore,Deccan Chargers,SuperSport Park,Royal Challengers Bangalore,bat,N,Royal Challengers Bangalore,Runs,12.0,,MK Pandey,IL Howell,S Ravi
392235.0,Centurion,21-05-2009,2009,55,Delhi Daredevils,Mumbai Indians,SuperSport Park,Delhi Daredevils,field,N,Delhi Daredevils,Wickets,4.0,,V Sehwag,IL Howell,S Ravi
392234.0,Durban,20-05-2009,2009,54,Chennai Super Kings,Kings XI Punjab,Kingsmead,Chennai Super Kings,bat,N,Chennai Super Kings,Runs,24.0,,M Muralitharan,BG Jerling,SJA Taufel
392233.0,Durban,20-05-2009,2009,53,Kolkata Knight Riders,Rajasthan Royals,Kingsmead,Kolkata Knight Riders,field,N,Kolkata Knight Riders,Wickets,4.0,,LR Shukla,BG Jerling,SJA Taufel
392232.0,Johannesburg,19-05-2009,2009,52,Royal Challengers Bangalore,Delhi Daredevils,New Wanderers Stadium,Delhi Daredevils,bat,N,Royal Challengers Bangalore,Wickets,7.0,,JH Kallis,IL Howell,RB Tiffin
392231.0,Centurion,18-05-2009,2009,51,Chennai Super Kings,Kolkata Knight Riders,SuperSport Park,Chennai Super Kings,bat,N,Kolkata Knight Riders,Wickets,7.0,,BJ Hodge,SJA Taufel,RB Tiffin
392230.0,Bloemfontein,17-05-2009,2009,50,Delhi Daredevils,Rajasthan Royals,OUTsurance Oval,Delhi Daredevils,bat,N,Delhi Daredevils,Runs,14.0,,AB de Villiers,SS Hazare,IL Howell
392229.0,Johannesburg,17-05-2009,2009,49,Deccan Chargers,Kings XI Punjab,New Wanderers Stadium,Deccan Chargers,field,N,Kings XI Punjab,Runs,1.0,,Yuvraj Singh,S Ravi,RB Tiffin
392227.0,Port Elizabeth,16-05-2009,2009,47,Chennai Super Kings,Mumbai Indians,St George's Park,Mumbai Indians,bat,N,Chennai Super Kings,Wickets,7.0,,ML Hayden,SK Tarapore,SJA Taufel
392228.0,Johannesburg,16-05-2009,2009,48,Deccan Chargers,Kolkata Knight Riders,New Wanderers Stadium,Deccan Chargers,field,N,Deccan Chargers,Wickets,6.0,,RG Sharma,RE Koertzen,S Ravi
392226.0,Bloemfontein,15-05-2009,2009,46,Delhi Daredevils,Kings XI Punjab,OUTsurance Oval,Kings XI Punjab,field,N,Kings XI Punjab,Wickets,6.0,,B Lee,HDPK Dharmasena,IL Howell
392225.0,Durban,14-05-2009,2009,45,Mumbai Indians,Rajasthan Royals,Kingsmead,Rajasthan Royals,bat,N,Rajasthan Royals,Runs,2.0,,SK Warne,BR Doctrove,DJ Harper
392224.0,Durban,14-05-2009,2009,44,Royal Challengers Bangalore,Chennai Super Kings,Kingsmead,Chennai Super Kings,bat,N,Royal Challengers Bangalore,Wickets,2.0,,LRPL Taylor,BR Doctrove,DJ Harper
392223.0,Durban,13-05-2009,2009,43,Deccan Chargers,Delhi Daredevils,Kingsmead,Deccan Chargers,field,N,Delhi Daredevils,Runs,12.0,,R Bhatia,DJ Harper,SL Shastri
392222.0,Centurion,12-05-2009,2009,42,Kings XI Punjab,Mumbai Indians,SuperSport Park,Kings XI Punjab,bat,N,Mumbai Indians,Wickets,8.0,,Harbhajan Singh,SS Hazare,RE Koertzen
392221.0,Centurion,12-05-2009,2009,41,Royal Challengers Bangalore,Kolkata Knight Riders,SuperSport Park,Royal Challengers Bangalore,field,N,Royal Challengers Bangalore,Wickets,6.0,,LRPL Taylor,M Erasmus,SS Hazare
392220.0,Kimberley,11-05-2009,2009,40,Deccan Chargers,Rajasthan Royals,De Beers Diamond Oval,Deccan Chargers,bat,N,Deccan Chargers,Runs,53.0,,DR Smith,GAV Baxter,HDPK Dharmasena
392219.0,Johannesburg,10-05-2009,2009,39,Delhi Daredevils,Kolkata Knight Riders,New Wanderers Stadium,Delhi Daredevils,field,N,Delhi Daredevils,Wickets,7.0,,A Mishra,SL Shastri,RB Tiffin
392218.0,Port Elizabeth,10-05-2009,2009,38,Royal Challengers Bangalore,Mumbai Indians,St George's Park,Mumbai Indians,bat,N,Mumbai Indians,Runs,16.0,,JP Duminy,BR Doctrove,BG Jerling
392216.0,Kimberley,09-05-2009,2009,36,Deccan Chargers,Kings XI Punjab,De Beers Diamond Oval,Kings XI Punjab,field,N,Kings XI Punjab,Wickets,3.0,,DPMD Jayawardene,GAV Baxter,AM Saheba
392217.0,Kimberley,09-05-2009,2009,37,Chennai Super Kings,Rajasthan Royals,De Beers Diamond Oval,Rajasthan Royals,bat,N,Chennai Super Kings,Wickets,7.0,,S Badrinath,GAV Baxter,HDPK Dharmasena
392215.0,East London,08-05-2009,2009,35,Delhi Daredevils,Mumbai Indians,Buffalo Park,Mumbai Indians,bat,N,Delhi Daredevils,Wickets,7.0,,A Nehra,M Erasmus,SK Tarapore
392214.0,Centurion,07-05-2009,2009,34,Chennai Super Kings,Kings XI Punjab,SuperSport Park,Chennai Super Kings,bat,N,Chennai Super Kings,Runs,12.0,D/L,ML Hayden,DJ Harper,TH Wijewardene
392213.0,Centurion,07-05-2009,2009,33,Royal Challengers Bangalore,Rajasthan Royals,SuperSport Park,Rajasthan Royals,field,N,Rajasthan Royals,Wickets,7.0,,A Singh,K Hariharan,DJ Harper
392212.0,Centurion,06-05-2009,2009,32,Deccan Chargers,Mumbai Indians,SuperSport Park,Deccan Chargers,bat,N,Deccan Chargers,Runs,19.0,,RG Sharma,MR Benson,HDPK Dharmasena
392211.0,Durban,05-05-2009,2009,31,Delhi Daredevils,Kolkata Knight Riders,Kingsmead,Kolkata Knight Riders,bat,N,Delhi Daredevils,Wickets,9.0,,G Gambhir,GAV Baxter,IL Howell
392210.0,Durban,05-05-2009,2009,30,Kings XI Punjab,Rajasthan Royals,Kingsmead,Kings XI Punjab,field,N,Rajasthan Royals,Runs,78.0,,GC Smith,SS Hazare,IL Howell
392209.0,East London,04-05-2009,2009,29,Chennai Super Kings,Deccan Chargers,Buffalo Park,Chennai Super Kings,bat,N,Chennai Super Kings,Runs,78.0,,MS Dhoni,BR Doctrove,M Erasmus
392208.0,Johannesburg,03-05-2009,2009,28,Royal Challengers Bangalore,Mumbai Indians,New Wanderers Stadium,Mumbai Indians,bat,N,Royal Challengers Bangalore,Wickets,9.0,,JH Kallis,RE Koertzen,TH Wijewardene
392207.0,Port Elizabeth,03-05-2009,2009,27,Kings XI Punjab,Kolkata Knight Riders,St George's Park,Kolkata Knight Riders,bat,N,Kings XI Punjab,Wickets,6.0,,DPMD Jayawardene,S Asnani,MR Benson
392205.0,Port Elizabeth,02-05-2009,2009,25,Deccan Chargers,Rajasthan Royals,St George's Park,Deccan Chargers,bat,N,Rajasthan Royals,Wickets,3.0,,YK Pathan,S Asnani,BG Jerling
392206.0,Johannesburg,02-05-2009,2009,26,Chennai Super Kings,Delhi Daredevils,New Wanderers Stadium,Delhi Daredevils,field,N,Chennai Super Kings,Runs,18.0,,SB Jakati,DJ Harper,RE Koertzen
392203.0,East London,01-05-2009,2009,23,Kolkata Knight Riders,Mumbai Indians,Buffalo Park,Mumbai Indians,bat,N,Mumbai Indians,Runs,9.0,,JP Duminy,M Erasmus,SK Tarapore
392204.0,Durban,01-05-2009,2009,24,Royal Challengers Bangalore,Kings XI Punjab,Kingsmead,Royal Challengers Bangalore,bat,N,Royal Challengers Bangalore,Runs,8.0,,Yuvraj Singh,HDPK Dharmasena,S Ravi
392202.0,Centurion,30-04-2009,2009,22,Chennai Super Kings,Rajasthan Royals,SuperSport Park,Rajasthan Royals,field,N,Chennai Super Kings,Runs,38.0,,SK Raina,GAV Baxter,RE Koertzen
392201.0,Centurion,30-04-2009,2009,21,Deccan Chargers,Delhi Daredevils,SuperSport Park,Delhi Daredevils,field,N,Delhi Daredevils,Wickets,6.0,,DP Nannes,GAV Baxter,AM Saheba
392200.0,Durban,29-04-2009,2009,20,Kings XI Punjab,Mumbai Indians,Kingsmead,Kings XI Punjab,bat,N,Kings XI Punjab,Runs,3.0,,KC Sangakkara,MR Benson,SL Shastri
392199.0,Durban,29-04-2009,2009,19,Royal Challengers Bangalore,Kolkata Knight Riders,Kingsmead,Kolkata Knight Riders,bat,N,Royal Challengers Bangalore,Wickets,5.0,,MV Boucher,MR Benson,TH Wijewardene
392198.0,Centurion,28-04-2009,2009,18,Delhi Daredevils,Rajasthan Royals,SuperSport Park,Delhi Daredevils,bat,N,Rajasthan Royals,Wickets,5.0,,YK Pathan,GAV Baxter,RE Koertzen
392197.0,Port Elizabeth,27-04-2009,2009,17,Kolkata Knight Riders,Mumbai Indians,St George's Park,Mumbai Indians,bat,N,Mumbai Indians,Runs,92.0,,SR Tendulkar,BG Jerling,RB Tiffin
392196.0,Durban,27-04-2009,2009,16,Chennai Super Kings,Deccan Chargers,Kingsmead,Deccan Chargers,field,N,Deccan Chargers,Wickets,6.0,,HH Gibbs,IL Howell,TH Wijewardene
392194.0,Port Elizabeth,26-04-2009,2009,14,Royal Challengers Bangalore,Delhi Daredevils,St George's Park,Royal Challengers Bangalore,bat,N,Delhi Daredevils,Wickets,6.0,,TM Dilshan,S Asnani,BG Jerling
392195.0,Cape Town,26-04-2009,2009,15,Kings XI Punjab,Rajasthan Royals,Newlands,Kings XI Punjab,bat,N,Kings XI Punjab,Runs,27.0,,KC Sangakkara,M Erasmus,K Hariharan
392192.0,Durban,25-04-2009,2009,12,Deccan Chargers,Mumbai Indians,Kingsmead,Deccan Chargers,bat,N,Deccan Chargers,Runs,12.0,,PP Ojha,HDPK Dharmasena,SJA Taufel
392191.0,Durban,24-04-2009,2009,11,Royal Challengers Bangalore,Kings XI Punjab,Kingsmead,Royal Challengers Bangalore,bat,N,Kings XI Punjab,Wickets,7.0,,RS Bopara,BR Doctrove,TH Wijewardene
392190.0,Cape Town,23-04-2009,2009,10,Kolkata Knight Riders,Rajasthan Royals,Newlands,Kolkata Knight Riders,field,Y,Rajasthan Royals,SuperOver,,,YK Pathan,MR Benson,M Erasmus
392189.0,Durban,23-04-2009,2009,9,Chennai Super Kings,Delhi Daredevils,Kingsmead,Delhi Daredevils,bat,N,Delhi Daredevils,Runs,9.0,,AB de Villiers,BR Doctrove,SJA Taufel
392188.0,Cape Town,22-04-2009,2009,8,Royal Challengers Bangalore,Deccan Chargers,Newlands,Deccan Chargers,bat,N,Deccan Chargers,Runs,24.0,,AC Gilchrist,M Erasmus,AM Saheba
392186.0,Durban,21-04-2009,2009,6,Kings XI Punjab,Kolkata Knight Riders,Kingsmead,Kolkata Knight Riders,field,N,Kolkata Knight Riders,Runs,11.0,D/L,CH Gayle,DJ Harper,SD Ranade
392185.0,Port Elizabeth,20-04-2009,2009,5,Royal Challengers Bangalore,Chennai Super Kings,St George's Park,Chennai Super Kings,bat,N,Chennai Super Kings,Runs,92.0,,M Muralitharan,BG Jerling,SJA Taufel
392184.0,Cape Town,19-04-2009,2009,4,Deccan Chargers,Kolkata Knight Riders,Newlands,Kolkata Knight Riders,bat,N,Deccan Chargers,Wickets,8.0,,RP Singh,MR Benson,BR Doctrove
392183.0,Cape Town,19-04-2009,2009,3,Delhi Daredevils,Kings XI Punjab,Newlands,Delhi Daredevils,field,N,Delhi Daredevils,Wickets,10.0,D/L,DL Vettori,MR Benson,SD Ranade
392182.0,Cape Town,18-04-2009,2009,2,Royal Challengers Bangalore,Rajasthan Royals,Newlands,Royal Challengers Bangalore,bat,N,Royal Challengers Bangalore,Runs,75.0,,R Dravid,BR Doctrove,RB Tiffin
392181.0,Cape Town,18-04-2009,2009,1,Chennai Super Kings,Mumbai Indians,Newlands,Chennai Super Kings,field,N,Mumbai Indians,Runs,19.0,,SR Tendulkar,BR Doctrove,K Hariharan
336040.0,Mumbai,01-06-2008,2007/08,Final,Chennai Super Kings,Rajasthan Royals,Dr DY Patil Sports Academy,Rajasthan Royals,field,N,Rajasthan Royals,Wickets,3.0,,YK Pathan,BF Bowden,RE Koertzen
336039.0,Mumbai,31-05-2008,2007/08,Semi Final,Chennai Super Kings,Kings XI Punjab,Wankhede Stadium,Kings XI Punjab,bat,N,Chennai Super Kings,Wickets,9.0,,M Ntini,Asad Rauf,DJ Harper
336038.0,Mumbai,30-05-2008,2007/08,Semi Final,Delhi Daredevils,Rajasthan Royals,Wankhede Stadium,Delhi Daredevils,field,N,Rajasthan Royals,Runs,105.0,,SR Watson,BF Bowden,RE Koertzen
336019.0,Chandigarh,28-05-2008,2007/08,56,Kings XI Punjab,Rajasthan Royals,"Punjab Cricket Association Stadium, Mohali",Rajasthan Royals,field,N,Kings XI Punjab,Runs,41.0,,SE Marsh,SJ Davis,K Hariharan
336012.0,Bangalore,28-05-2008,2007/08,55,Royal Challengers Bangalore,Mumbai Indians,M Chinnaswamy Stadium,Mumbai Indians,field,N,Mumbai Indians,Wickets,9.0,,CRD Fernando,BF Bowden,AV Jayaprakash
336037.0,Hyderabad,27-05-2008,2007/08,54,Deccan Chargers,Chennai Super Kings,"Rajiv Gandhi International Stadium, Uppal",Deccan Chargers,bat,N,Chennai Super Kings,Wickets,7.0,,SK Raina,BG Jerling,AM Saheba
336036.0,Jaipur,26-05-2008,2007/08,53,Rajasthan Royals,Mumbai Indians,Sawai Mansingh Stadium,Rajasthan Royals,field,N,Rajasthan Royals,Wickets,5.0,,Sohail Tanvir,BF Bowden,K Hariharan
336035.0,Kolkata,25-05-2008,2007/08,52,Kolkata Knight Riders,Kings XI Punjab,Eden Gardens,Kings XI Punjab,bat,N,Kolkata Knight Riders,Wickets,3.0,,Umar Gul,SJ Davis,I Shivram
336002.0,Hyderabad,25-05-2008,2007/08,51,Deccan Chargers,Royal Challengers Bangalore,"Rajiv Gandhi International Stadium, Uppal",Deccan Chargers,bat,N,Royal Challengers Bangalore,Wickets,5.0,,R Vinay Kumar,Asad Rauf,RE Koertzen
336033.0,Chennai,24-05-2008,2007/08,49,Chennai Super Kings,Rajasthan Royals,"MA Chidambaram Stadium, Chepauk",Rajasthan Royals,bat,N,Rajasthan Royals,Runs,10.0,,JA Morkel,DJ Harper,SL Shastri
336032.0,Delhi,24-05-2008,2007/08,50,Delhi Daredevils,Mumbai Indians,Feroz Shah Kotla,Delhi Daredevils,field,N,Delhi Daredevils,Wickets,5.0,,KD Karthik,BF Bowden,K Hariharan
336031.0,Chandigarh,23-05-2008,2007/08,48,Kings XI Punjab,Deccan Chargers,"Punjab Cricket Association Stadium, Mohali",Kings XI Punjab,field,N,Kings XI Punjab,Wickets,6.0,,SE Marsh,Asad Rauf,SJ Davis
336029.0,Chennai,21-05-2008,2007/08,46,Chennai Super Kings,Royal Challengers Bangalore,"MA Chidambaram Stadium, Chepauk",Royal Challengers Bangalore,bat,N,Royal Challengers Bangalore,Runs,14.0,,A Kumble,DJ Harper,I Shivram
336028.0,Mumbai,21-05-2008,2007/08,45,Mumbai Indians,Kings XI Punjab,Wankhede Stadium,Mumbai Indians,field,N,Kings XI Punjab,Runs,1.0,,SE Marsh,BF Bowden,GA Pratapkumar
336027.0,Kolkata,20-05-2008,2007/08,44,Kolkata Knight Riders,Rajasthan Royals,Eden Gardens,Rajasthan Royals,field,N,Rajasthan Royals,Wickets,6.0,,YK Pathan,BG Jerling,RE Koertzen
336026.0,Bangalore,19-05-2008,2007/08,43,Royal Challengers Bangalore,Delhi Daredevils,M Chinnaswamy Stadium,Delhi Daredevils,field,N,Delhi Daredevils,Wickets,5.0,,SP Goswami,SJ Davis,GA Pratapkumar
336025.0,Kolkata,18-05-2008,2007/08,41,Kolkata Knight Riders,Chennai Super Kings,Eden Gardens,Kolkata Knight Riders,bat,N,Chennai Super Kings,Runs,3.0,D/L,M Ntini,Asad Rauf,K Hariharan
336024.0,Hyderabad,18-05-2008,2007/08,42,Deccan Chargers,Mumbai Indians,"Rajiv Gandhi International Stadium, Uppal",Deccan Chargers,field,N,Mumbai Indians,Runs,25.0,,DJ Bravo,BR Doctrove,DJ Harper
336022.0,Delhi,17-05-2008,2007/08,40,Delhi Daredevils,Kings XI Punjab,Feroz Shah Kotla,Delhi Daredevils,bat,N,Kings XI Punjab,Runs,6.0,D/L,DPMD Jayawardene,AV Jayaprakash,RE Koertzen
336023.0,Jaipur,17-05-2008,2007/08,39,Rajasthan Royals,Royal Challengers Bangalore,Sawai Mansingh Stadium,Royal Challengers Bangalore,field,N,Rajasthan Royals,Runs,65.0,,GC Smith,BF Bowden,SL Shastri
336021.0,Mumbai,16-05-2008,2007/08,38,Mumbai Indians,Kolkata Knight Riders,Wankhede Stadium,Mumbai Indians,field,N,Mumbai Indians,Wickets,8.0,,SM Pollock,BR Doctrove,DJ Harper
336020.0,Delhi,15-05-2008,2007/08,37,Delhi Daredevils,Deccan Chargers,Feroz Shah Kotla,Deccan Chargers,field,N,Delhi Daredevils,Runs,12.0,,A Mishra,BG Jerling,GA Pratapkumar
336018.0,Mumbai,14-05-2008,2007/08,36,Mumbai Indians,Chennai Super Kings,Wankhede Stadium,Mumbai Indians,field,N,Mumbai Indians,Wickets,9.0,,ST Jayasuriya,BR Doctrove,AM Saheba
336017.0,Kolkata,13-05-2008,2007/08,35,Kolkata Knight Riders,Delhi Daredevils,Eden Gardens,Kolkata Knight Riders,bat,N,Kolkata Knight Riders,Runs,23.0,,Shoaib Akhtar,Asad Rauf,IL Howell
336016.0,Chandigarh,12-05-2008,2007/08,34,Kings XI Punjab,Royal Challengers Bangalore,"Punjab Cricket Association Stadium, Mohali",Royal Challengers Bangalore,bat,N,Kings XI Punjab,Wickets,9.0,,SE Marsh,BR Doctrove,I Shivram
336015.0,Jaipur,11-05-2008,2007/08,33,Rajasthan Royals,Delhi Daredevils,Sawai Mansingh Stadium,Rajasthan Royals,field,N,Rajasthan Royals,Wickets,3.0,,SR Watson,SJ Davis,RE Koertzen
336014.0,Hyderabad,11-05-2008,2007/08,32,Deccan Chargers,Kolkata Knight Riders,"Rajiv Gandhi International Stadium, Uppal",Kolkata Knight Riders,bat,N,Kolkata Knight Riders,Runs,23.0,,SC Ganguly,IL Howell,AM Saheba
336013.0,Chennai,10-05-2008,2007/08,31,Chennai Super Kings,Kings XI Punjab,"MA Chidambaram Stadium, Chepauk",Kings XI Punjab,field,N,Chennai Super Kings,Runs,18.0,,L Balaji,AV Jayaprakash,BG Jerling
336011.0,Jaipur,09-05-2008,2007/08,30,Rajasthan Royals,Deccan Chargers,Sawai Mansingh Stadium,Rajasthan Royals,field,N,Rajasthan Royals,Wickets,8.0,,YK Pathan,MR Benson,AM Saheba
336009.0,Delhi,08-05-2008,2007/08,28,Delhi Daredevils,Chennai Super Kings,Feroz Shah Kotla,Chennai Super Kings,field,N,Chennai Super Kings,Wickets,4.0,,MS Dhoni,Aleem Dar,RB Tiffin
336010.0,Kolkata,08-05-2008,2007/08,29,Kolkata Knight Riders,Royal Challengers Bangalore,Eden Gardens,Kolkata Knight Riders,bat,N,Kolkata Knight Riders,Runs,5.0,,SC Ganguly,Asad Rauf,IL Howell
336008.0,Mumbai,07-05-2008,2007/08,27,Mumbai Indians,Rajasthan Royals,Dr DY Patil Sports Academy,Mumbai Indians,field,N,Mumbai Indians,Wickets,7.0,,A Nehra,DJ Harper,RE Koertzen
336007.0,Chennai,06-05-2008,2007/08,26,Chennai Super Kings,Deccan Chargers,"MA Chidambaram Stadium, Chepauk",Deccan Chargers,field,N,Deccan Chargers,Wickets,7.0,,AC Gilchrist,MR Benson,RB Tiffin
336006.0,Bangalore,05-05-2008,2007/08,25,Royal Challengers Bangalore,Kings XI Punjab,M Chinnaswamy Stadium,Kings XI Punjab,field,N,Kings XI Punjab,Wickets,6.0,,S Sreesanth,SJ Davis,BR Doctrove
336005.0,Jaipur,04-05-2008,2007/08,24,Rajasthan Royals,Chennai Super Kings,Sawai Mansingh Stadium,Chennai Super Kings,bat,N,Rajasthan Royals,Wickets,8.0,,Sohail Tanvir,Asad Rauf,AV Jayaprakash
336004.0,Mumbai,04-05-2008,2007/08,23,Mumbai Indians,Delhi Daredevils,Dr DY Patil Sports Academy,Delhi Daredevils,field,N,Mumbai Indians,Runs,29.0,,SM Pollock,IL Howell,RE Koertzen
336034.0,Bangalore,03-05-2008,2007/08,21,Royal Challengers Bangalore,Deccan Chargers,M Chinnaswamy Stadium,Deccan Chargers,field,N,Royal Challengers Bangalore,Runs,3.0,,P Kumar,BR Doctrove,SL Shastri
336003.0,Chandigarh,03-05-2008,2007/08,22,Kings XI Punjab,Kolkata Knight Riders,"Punjab Cricket Association Stadium, Mohali",Kings XI Punjab,bat,N,Kings XI Punjab,Runs,9.0,,IK Pathan,DJ Harper,I Shivram
336001.0,Chennai,02-05-2008,2007/08,20,Chennai Super Kings,Delhi Daredevils,"MA Chidambaram Stadium, Chepauk",Chennai Super Kings,bat,N,Delhi Daredevils,Wickets,8.0,,V Sehwag,BF Bowden,K Hariharan
336000.0,Jaipur,01-05-2008,2007/08,18,Rajasthan Royals,Kolkata Knight Riders,Sawai Mansingh Stadium,Rajasthan Royals,bat,N,Rajasthan Royals,Runs,45.0,,SA Asnodkar,RE Koertzen,GA Pratapkumar
335999.0,Hyderabad,01-05-2008,2007/08,19,Deccan Chargers,Kings XI Punjab,"Rajiv Gandhi International Stadium, Uppal",Kings XI Punjab,field,N,Kings XI Punjab,Wickets,7.0,,SE Marsh,BR Doctrove,RB Tiffin
335998.0,Delhi,30-04-2008,2007/08,17,Delhi Daredevils,Royal Challengers Bangalore,Feroz Shah Kotla,Royal Challengers Bangalore,field,N,Delhi Daredevils,Runs,10.0,,GD McGrath,Aleem Dar,I Shivram
335997.0,Kolkata,29-04-2008,2007/08,16,Kolkata Knight Riders,Mumbai Indians,Eden Gardens,Kolkata Knight Riders,bat,N,Mumbai Indians,Wickets,7.0,,ST Jayasuriya,BF Bowden,AV Jayaprakash
335996.0,Bangalore,28-04-2008,2007/08,15,Royal Challengers Bangalore,Chennai Super Kings,M Chinnaswamy Stadium,Chennai Super Kings,bat,N,Chennai Super Kings,Runs,13.0,,MS Dhoni,BR Doctrove,RB Tiffin
335995.0,Chandigarh,27-04-2008,2007/08,13,Kings XI Punjab,Delhi Daredevils,"Punjab Cricket Association Stadium, Mohali",Delhi Daredevils,bat,N,Kings XI Punjab,Wickets,4.0,,SM Katich,RE Koertzen,I Shivram
335994.0,Mumbai,27-04-2008,2007/08,14,Mumbai Indians,Deccan Chargers,Dr DY Patil Sports Academy,Deccan Chargers,field,N,Deccan Chargers,Wickets,10.0,,AC Gilchrist,Asad Rauf,SL Shastri
335993.0,Chennai,26-04-2008,2007/08,11,Chennai Super Kings,Kolkata Knight Riders,"MA Chidambaram Stadium, Chepauk",Kolkata Knight Riders,bat,N,Chennai Super Kings,Wickets,9.0,,JDP Oram,BF Bowden,AV Jayaprakash
335992.0,Bangalore,26-04-2008,2007/08,12,Royal Challengers Bangalore,Rajasthan Royals,M Chinnaswamy Stadium,Rajasthan Royals,field,N,Rajasthan Royals,Wickets,7.0,,SR Watson,MR Benson,IL Howell
335991.0,Chandigarh,25-04-2008,2007/08,10,Kings XI Punjab,Mumbai Indians,"Punjab Cricket Association Stadium, Mohali",Mumbai Indians,field,N,Kings XI Punjab,Runs,66.0,,KC Sangakkara,Aleem Dar,AM Saheba
335990.0,Hyderabad,24-04-2008,2007/08,9,Deccan Chargers,Rajasthan Royals,"Rajiv Gandhi International Stadium, Uppal",Rajasthan Royals,field,N,Rajasthan Royals,Wickets,3.0,,YK Pathan,Asad Rauf,MR Benson
335989.0,Chennai,23-04-2008,2007/08,8,Chennai Super Kings,Mumbai Indians,"MA Chidambaram Stadium, Chepauk",Mumbai Indians,field,N,Chennai Super Kings,Runs,6.0,,ML Hayden,DJ Harper,GA Pratapkumar
335988.0,Hyderabad,22-04-2008,2007/08,7,Deccan Chargers,Delhi Daredevils,"Rajiv Gandhi International Stadium, Uppal",Deccan Chargers,bat,N,Delhi Daredevils,Wickets,9.0,,V Sehwag,IL Howell,AM Saheba
335987.0,Jaipur,21-04-2008,2007/08,6,Rajasthan Royals,Kings XI Punjab,Sawai Mansingh Stadium,Kings XI Punjab,bat,N,Rajasthan Royals,Wickets,6.0,,SR Watson,Aleem Dar,RB Tiffin
335986.0,Kolkata,20-04-2008,2007/08,4,Kolkata Knight Riders,Deccan Chargers,Eden Gardens,Deccan Chargers,bat,N,Kolkata Knight Riders,Wickets,5.0,,DJ Hussey,BF Bowden,K Hariharan
335985.0,Mumbai,20-04-2008,2007/08,5,Mumbai Indians,Royal Challengers Bangalore,Wankhede Stadium,Mumbai Indians,bat,N,Royal Challengers Bangalore,Wickets,5.0,,MV Boucher,SJ Davis,DJ Harper
335984.0,Delhi,19-04-2008,2007/08,3,Delhi Daredevils,Rajasthan Royals,Feroz Shah Kotla,Rajasthan Royals,bat,N,Delhi Daredevils,Wickets,9.0,,MF Maharoof,Aleem Dar,GA Pratapkumar
335983.0,Chandigarh,19-04-2008,2007/08,2,Kings XI Punjab,Chennai Super Kings,"Punjab Cricket Association Stadium, Mohali",Chennai Super Kings,bat,N,Chennai Super Kings,Runs,33.0,,MEK Hussey,MR Benson,SL Shastri
335982.0,Bangalore,18-04-2008,2007/08,1,Royal Challengers Bangalore,Kolkata Knight Riders,M Chinnaswamy Stadium,Royal Challengers Bangalore,field,N,Kolkata Knight Riders,Runs,140.0,,BB McCullum,Asad Rauf,RE Koertzen
,,,,,,,,,,,,,,,,,
1370353.0,Ahmedabad,29-05-2023,2023,Final,Gujarat Titans,Chennai Super Kings,"Narendra Modi Stadium, Ahmedabad",Chennai Super Kings,field,N,Chennai Super Kings,Runs,5.0,D/L,DP Conway,Nitin Menon,RJ Tucker
1370352.0,Ahmedabad,26-05-2023,2023,Qualifier 2,Gujarat Titans,Mumbai Indians,"Narendra Modi Stadium, Ahmedabad",Mumbai Indians,field,N,Gujarat Titans,Runs,62.0,,Shubman Gill,Nitin Menon,RJ Tucker
1370351.0,Chennai,24-05-2023,2023,Eliminator,Mumbai Indians,Lucknow Super Giants,"MA Chidambaram Stadium, Chepauk, Chennai",Mumbai Indians,bat,N,Mumbai Indians,Runs,81.0,,Akash Madhwal,BNJ Oxenford,VK Sharma
1370350.0,Chennai,23-05-2023,2023,Qualifier 1,Chennai Super Kings,Gujarat Titans,"MA Chidambaram Stadium, Chepauk, Chennai",Gujarat Titans,field,N,Chennai Super Kings,Runs,15.0,,RD Gaikwad,AK Chaudhary,CB Gaffaney
1359543.0,Mumbai,21-05-2023,2023,70,Sunrisers Hyderabad,Mumbai Indians,"Wankhede Stadium, Mumbai",Mumbai Indians,field,N,Mumbai Indians,Wickets,8.0,,C Green,KN Ananthapadmanabhan,RJ Tucker
1359544.0,Bengaluru,21-05-2023,2023,69,Royal Challengers Bengaluru,Gujarat Titans,"M Chinnaswamy Stadium, Bengaluru",Gujarat Titans,field,N,Gujarat Titans,Wickets,6.0,,Shubman Gill,Nitin Menon,VK Sharma
1359542.0,Kolkata,20-05-2023,2023,68,Lucknow Super Giants,Kolkata Knight Riders,"Eden Gardens, Kolkata",Kolkata Knight Riders,field,N,Lucknow Super Giants,Runs,1.0,,N Pooran,J Madanagopal,UV Gandhe
1359541.0,Delhi,20-05-2023,2023,67,Chennai Super Kings,Delhi Capitals,"Arun Jaitley Stadium, Delhi",Chennai Super Kings,bat,N,Chennai Super Kings,Runs,77.0,,RD Gaikwad,CB Gaffaney,NA Patwardhan
1359540.0,Dharamsala,19-05-2023,2023,66,Punjab Kings,Rajasthan Royals,"Himachal Pradesh Cricket Association Stadium, Dharamsala",Rajasthan Royals,field,N,Rajasthan Royals,Wickets,4.0,,D Padikkal,A Nand Kishore,RJ Tucker
1359539.0,Hyderabad,18-05-2023,2023,65,Sunrisers Hyderabad,Royal Challengers Bengaluru,"Rajiv Gandhi International Stadium, Uppal, Hyderabad",Royal Challengers Bengaluru,field,N,Royal Challengers Bengaluru,Wickets,8.0,,V Kohli,BNJ Oxenford,VK Sharma
1359538.0,Dharamsala,17-05-2023,2023,64,Delhi Capitals,Punjab Kings,"Himachal Pradesh Cricket Association Stadium, Dharamsala",Punjab Kings,field,N,Delhi Capitals,Runs,15.0,,RR Rossouw,KN Ananthapadmanabhan,MV Saidharshan Kumar
1359537.0,Lucknow,16-05-2023,2023,63,Lucknow Super Giants,Mumbai Indians,"Bharat Ratna Shri Atal Bihari Vajpayee Ekana Cricket Stadium, Lucknow",Mumbai Indians,field,N,Lucknow Super Giants,Runs,5.0,,MP Stoinis,AK Chaudhary,A Nand Kishore
1359536.0,Ahmedabad,15-05-2023,2023,62,Gujarat Titans,Sunrisers Hyderabad,"Narendra Modi Stadium, Ahmedabad",Sunrisers Hyderabad,field,N,Gujarat Titans,Runs,34.0,,Shubman Gill,J Madanagopal,UV Gandhe
1359534.0,Jaipur,14-05-2023,2023,61,Royal Challengers Bengaluru,Rajasthan Royals,"Sawai Mansingh Stadium, Jaipur",Royal Challengers Bengaluru,bat,N,Royal Challengers Bengaluru,Runs,112.0,,WD Parnell,KN Ananthapadmanabhan,Navdeep Singh
1359535.0,Chennai,14-05-2023,2023,60,Chennai Super Kings,Kolkata Knight Riders,"MA Chidambaram Stadium, Chepauk, Chennai",Chennai Super Kings,bat,N,Kolkata Knight Riders,Wickets,6.0,,RK Singh,Tapan Sharma,Vinod Seshan
1359533.0,Delhi,13-05-2023,2023,59,Punjab Kings,Delhi Capitals,"Arun Jaitley Stadium, Delhi",Delhi Capitals,field,N,Punjab Kings,Runs,31.0,,P Simran Singh,CB Gaffaney,NA Patwardhan
1359532.0,Hyderabad,13-05-2023,2023,58,Sunrisers Hyderabad,Lucknow Super Giants,"Rajiv Gandhi International Stadium, Uppal, Hyderabad",Sunrisers Hyderabad,bat,N,Lucknow Super Giants,Wickets,7.0,,PN Mankad,A Totre,J Madanagopal
1359531.0,Mumbai,12-05-2023,2023,57,Mumbai Indians,Gujarat Titans,"Wankhede Stadium, Mumbai",Gujarat Titans,field,N,Mumbai Indians,Runs,27.0,,SA Yadav,Nitin Menon,Tapan Sharma
1359530.0,Kolkata,11-05-2023,2023,56,Kolkata Knight Riders,Rajasthan Royals,"Eden Gardens, Kolkata",Rajasthan Royals,field,N,Rajasthan Royals,Wickets,9.0,,YBK Jaiswal,RJ Tucker,MV Saidharshan Kumar
1359529.0,Chennai,10-05-2023,2023,55,Chennai Super Kings,Delhi Capitals,"MA Chidambaram Stadium, Chepauk, Chennai",Chennai Super Kings,bat,N,Chennai Super Kings,Runs,27.0,,RA Jadeja,CB Gaffaney,NA Patwardhan
1359528.0,Mumbai,09-05-2023,2023,54,Royal Challengers Bengaluru,Mumbai Indians,"Wankhede Stadium, Mumbai",Mumbai Indians,field,N,Mumbai Indians,Wickets,6.0,,SA Yadav,HAS Khalid,VK Sharma
1359527.0,Kolkata,08-05-2023,2023,53,Punjab Kings,Kolkata Knight Riders,"Eden Gardens, Kolkata",Punjab Kings,bat,N,Kolkata Knight Riders,Wickets,5.0,,AD Russell,A Totre,J Madanagopal
1359525.0,Ahmedabad,07-05-2023,2023,52,Gujarat Titans,Lucknow Super Giants,"Narendra Modi Stadium, Ahmedabad",Lucknow Super Giants,field,N,Gujarat Titans,Wickets,4.0,,Shubman Gill,AK Chaudhary,A Nand Kishore
1359526.0,Jaipur,07-05-2023,2023,51,Rajasthan Royals,Sunrisers Hyderabad,"Sawai Mansingh Stadium, Jaipur",Rajasthan Royals,bat,N,Sunrisers Hyderabad,Runs,56.0,,GD Phillips,Nitin Menon,Vinod Seshan
1359524.0,Delhi,06-05-2023,2023,50,Royal Challengers Bengaluru,Delhi Capitals,"Arun Jaitley Stadium, Delhi",Royal Challengers Bengaluru,bat,N,Delhi Capitals,Wickets,7.0,,PD Salt,RJ Tucker,YC Barde
1359523.0,Chennai,06-05-2023,2023,49,Mumbai Indians,Chennai Super Kings,"MA Chidambaram Stadium, Chepauk, Chennai",Chennai Super Kings,field,N,Chennai Super Kings,Wickets,6.0,,M Pathirana,BNJ Oxenford,Navdeep Singh
1359522.0,Jaipur,05-05-2023,2023,48,Rajasthan Royals,Gujarat Titans,"Sawai Mansingh Stadium, Jaipur",Rajasthan Royals,bat,N,Gujarat Titans,Wickets,9.0,,Rashid Khan,HAS Khalid,VK Sharma
1359521.0,Hyderabad,04-05-2023,2023,47,Kolkata Knight Riders,Sunrisers Hyderabad,"Rajiv Gandhi International Stadium, Uppal, Hyderabad",Kolkata Knight Riders,bat,N,Kolkata Knight Riders,Runs,5.0,,CV Varun,KN Ananthapadmanabhan,MA Gough
1359520.0,Chandigarh,03-05-2023,2023,46,Punjab Kings,Mumbai Indians,"Punjab Cricket Association IS Bindra Stadium, Mohali, Chandigarh",Mumbai Indians,field,N,Mumbai Indians,Wickets,6.0,,Ishan Kishan,J Madanagopal,RJ Tucker
1359519.0,Lucknow,03-05-2023,2023,45,Lucknow Super Giants,Chennai Super Kings,"Bharat Ratna Shri Atal Bihari Vajpayee Ekana Cricket Stadium, Lucknow",Chennai Super Kings,field,N,No result,NoResults,,,,AK Chaudhary,NA Patwardhan
1359518.0,Ahmedabad,02-05-2023,2023,44,Delhi Capitals,Gujarat Titans,"Narendra Modi Stadium, Ahmedabad",Delhi Capitals,bat,N,Delhi Capitals,Runs,5.0,,Mohammed Shami,MA Gough,R Pandit
1359517.0,Lucknow,01-05-2023,2023,43,Royal Challengers Bengaluru,Lucknow Super Giants,"Bharat Ratna Shri Atal Bihari Vajpayee Ekana Cricket Stadium, Lucknow",Royal Challengers Bengaluru,bat,N,Royal Challengers Bengaluru,Runs,18.0,,F du Plessis,AK Chaudhary,GR Sadashiv Iyer
1359515.0,Chennai,30-04-2023,2023,42,Chennai Super Kings,Punjab Kings,"MA Chidambaram Stadium, Chepauk, Chennai",Chennai Super Kings,bat,N,Punjab Kings,Wickets,6.0,,DP Conway,RJ Tucker,UV Gandhe
1359516.0,Mumbai,30-04-2023,2023,41,Rajasthan Royals,Mumbai Indians,"Wankhede Stadium, Mumbai",Rajasthan Royals,bat,N,Mumbai Indians,Wickets,4.0,,YBK Jaiswal,Vinod Seshan,VK Sharma
1359514.0,Delhi,29-04-2023,2023,40,Sunrisers Hyderabad,Delhi Capitals,"Arun Jaitley Stadium, Delhi",Sunrisers Hyderabad,bat,N,Sunrisers Hyderabad,Runs,9.0,,MR Marsh,MA Gough,Navdeep Singh
1359513.0,Kolkata,29-04-2023,2023,39,Kolkata Knight Riders,Gujarat Titans,"Eden Gardens, Kolkata",Gujarat Titans,field,N,Gujarat Titans,Wickets,7.0,,J Little,NA Patwardhan,GR Sadashiv Iyer
1359512.0,Chandigarh,28-04-2023,2023,38,Lucknow Super Giants,Punjab Kings,"Punjab Cricket Association IS Bindra Stadium, Mohali, Chandigarh",Punjab Kings,field,N,Lucknow Super Giants,Runs,56.0,,MP Stoinis,Nitin Menon,Vinod Seshan
1359511.0,Jaipur,27-04-2023,2023,37,Rajasthan Royals,Chennai Super Kings,"Sawai Mansingh Stadium, Jaipur",Rajasthan Royals,bat,N,Rajasthan Royals,Runs,32.0,,YBK Jaiswal,A Totre,YC Barde
1359510.0,Bengaluru,26-04-2023,2023,36,Kolkata Knight Riders,Royal Challengers Bengaluru,"M Chinnaswamy Stadium, Bengaluru",Royal Challengers Bengaluru,field,N,Kolkata Knight Riders,Runs,21.0,,CV Varun,KN Ananthapadmanabhan,R Pandit
1359509.0,Ahmedabad,25-04-2023,2023,35,Gujarat Titans,Mumbai Indians,"Narendra Modi Stadium, Ahmedabad",Mumbai Indians,field,N,Gujarat Titans,Runs,55.0,,A Manohar,AK Chaudhary,A Nand Kishore
1359508.0,Hyderabad,24-04-2023,2023,34,Delhi Capitals,Sunrisers Hyderabad,"Rajiv Gandhi International Stadium, Uppal, Hyderabad",Delhi Capitals,bat,N,Delhi Capitals,Runs,7.0,,AR Patel,J Madanagopal,RJ Tucker
1359506.0,Bengaluru,23-04-2023,2023,33,Royal Challengers Bengaluru,Rajasthan Royals,"M Chinnaswamy Stadium, Bengaluru",Rajasthan Royals,field,N,Royal Challengers Bengaluru,Runs,7.0,,GJ Maxwell,MA Gough,MV Saidharshan Kumar
1359507.0,Kolkata,23-04-2023,2023,32,Chennai Super Kings,Kolkata Knight Riders,"Eden Gardens, Kolkata",Kolkata Knight Riders,field,N,Chennai Super Kings,Runs,49.0,,AM Rahane,Nitin Menon,Tapan Sharma
1359505.0,Mumbai,22-04-2023,2023,31,Punjab Kings,Mumbai Indians,"Wankhede Stadium, Mumbai",Mumbai Indians,field,N,Punjab Kings,Runs,13.0,,SM Curran,CB Gaffaney,GR Sadashiv Iyer
1359504.0,Lucknow,22-04-2023,2023,30,Gujarat Titans,Lucknow Super Giants,"Bharat Ratna Shri Atal Bihari Vajpayee Ekana Cricket Stadium, Lucknow",Gujarat Titans,bat,N,Gujarat Titans,Runs,7.0,,MM Sharma,A Totre,RJ Tucker
1359503.0,Chennai,21-04-2023,2023,29,Sunrisers Hyderabad,Chennai Super Kings,"MA Chidambaram Stadium, Chepauk, Chennai",Chennai Super Kings,field,N,Chennai Super Kings,Wickets,7.0,,RA Jadeja,HAS Khalid,VK Sharma
1359502.0,Delhi,20-04-2023,2023,28,Kolkata Knight Riders,Delhi Capitals,"Arun Jaitley Stadium, Delhi",Delhi Capitals,field,N,Delhi Capitals,Wickets,4.0,,I Sharma,MA Gough,R Pandit
1359501.0,Chandigarh,20-04-2023,2023,27,Royal Challengers Bengaluru,Punjab Kings,"Punjab Cricket Association IS Bindra Stadium, Mohali, Chandigarh",Punjab Kings,field,N,Royal Challengers Bengaluru,Runs,24.0,,Mohammed Siraj,AK Chaudhary,GR Sadashiv Iyer
1359500.0,Jaipur,19-04-2023,2023,26,Lucknow Super Giants,Rajasthan Royals,"Sawai Mansingh Stadium, Jaipur",Rajasthan Royals,field,N,Lucknow Super Giants,Runs,10.0,,MP Stoinis,J Madanagopal,YC Barde
1359499.0,Hyderabad,18-04-2023,2023,25,Mumbai Indians,Sunrisers Hyderabad,"Rajiv Gandhi International Stadium, Uppal, Hyderabad",Sunrisers Hyderabad,field,N,Mumbai Indians,Runs,14.0,,C Green,Nitin Menon,Vinod Seshan
1359498.0,Bengaluru,17-04-2023,2023,24,Chennai Super Kings,Royal Challengers Bengaluru,"M Chinnaswamy Stadium, Bengaluru",Royal Challengers Bengaluru,field,N,Chennai Super Kings,Runs,8.0,,DP Conway,KN Ananthapadmanabhan,Navdeep Singh
1359497.0,Ahmedabad,16-04-2023,2023,23,Gujarat Titans,Rajasthan Royals,"Narendra Modi Stadium, Ahmedabad",Rajasthan Royals,field,N,Rajasthan Royals,Wickets,3.0,,SO Hetmyer,AK Chaudhary,CB Gaffaney
1359496.0,Mumbai,16-04-2023,2023,22,Kolkata Knight Riders,Mumbai Indians,"Wankhede Stadium, Mumbai",Mumbai Indians,field,N,Mumbai Indians,Wickets,5.0,,VR Iyer,BNJ Oxenford,UV Gandhe
1359495.0,Lucknow,15-04-2023,2023,21,Lucknow Super Giants,Punjab Kings,"Bharat Ratna Shri Atal Bihari Vajpayee Ekana Cricket Stadium, Lucknow",Punjab Kings,field,N,Punjab Kings,Wickets,2.0,,Sikandar Raza,HAS Khalid,VK Sharma
1359494.0,Bengaluru,15-04-2023,2023,20,Royal Challengers Bengaluru,Delhi Capitals,"M Chinnaswamy Stadium, Bengaluru",Delhi Capitals,field,N,Royal Challengers Bengaluru,Runs,23.0,,V Kohli,KN Ananthapadmanabhan,MV Saidharshan Kumar
1359493.0,Kolkata,14-04-2023,2023,19,Sunrisers Hyderabad,Kolkata Knight Riders,"Eden Gardens, Kolkata",Kolkata Knight Riders,field,N,Sunrisers Hyderabad,Runs,23.0,,HC Brook,CB Gaffaney,GR Sadashiv Iyer
1359492.0,Chandigarh,13-04-2023,2023,18,Punjab Kings,Gujarat Titans,"Punjab Cricket Association IS Bindra Stadium, Mohali, Chandigarh",Gujarat Titans,field,N,Gujarat Titans,Wickets,6.0,,MM Sharma,A Totre,J Madanagopal
1359491.0,Chennai,12-04-2023,2023,17,Rajasthan Royals,Chennai Super Kings,"MA Chidambaram Stadium, Chepauk, Chennai",Chennai Super Kings,field,N,Rajasthan Royals,Runs,3.0,,R Ashwin,Vinod Seshan,VK Sharma
1359490.0,Delhi,11-04-2023,2023,16,Delhi Capitals,Mumbai Indians,"Arun Jaitley Stadium, Delhi",Mumbai Indians,field,N,Mumbai Indians,Wickets,6.0,,RG Sharma,MA Gough,R Pandit
1359489.0,Bengaluru,10-04-2023,2023,15,Royal Challengers Bengaluru,Lucknow Super Giants,"M Chinnaswamy Stadium, Bengaluru",Lucknow Super Giants,field,N,Lucknow Super Giants,Wickets,1.0,,N Pooran,AK Chaudhary,A Nand Kishore
1359487.0,Ahmedabad,09-04-2023,2023,14,Gujarat Titans,Kolkata Knight Riders,"Narendra Modi Stadium, Ahmedabad",Gujarat Titans,bat,N,Kolkata Knight Riders,Wickets,3.0,,RK Singh,Nitin Menon,Tapan Sharma
1359488.0,Hyderabad,09-04-2023,2023,13,Punjab Kings,Sunrisers Hyderabad,"Rajiv Gandhi International Stadium, Uppal, Hyderabad",Sunrisers Hyderabad,field,N,Sunrisers Hyderabad,Wickets,8.0,,S Dhawan,BNJ Oxenford,UV Gandhe
1359486.0,Mumbai,08-04-2023,2023,12,Mumbai Indians,Chennai Super Kings,"Wankhede Stadium, Mumbai",Chennai Super Kings,field,N,Chennai Super Kings,Wickets,7.0,,RA Jadeja,CB Gaffaney,NA Patwardhan
1359485.0,Guwahati,08-04-2023,2023,11,Rajasthan Royals,Delhi Capitals,"Barsapara Cricket Stadium, Guwahati",Delhi Capitals,field,N,Rajasthan Royals,Runs,57.0,,YBK Jaiswal,Navdeep Singh,MV Saidharshan Kumar
1359484.0,Lucknow,07-04-2023,2023,10,Sunrisers Hyderabad,Lucknow Super Giants,"Bharat Ratna Shri Atal Bihari Vajpayee Ekana Cricket Stadium, Lucknow",Sunrisers Hyderabad,bat,N,Lucknow Super Giants,Wickets,5.0,,KH Pandya,J Madanagopal,YC Barde
1359483.0,Kolkata,06-04-2023,2023,9,Kolkata Knight Riders,Royal Challengers Bengaluru,"Eden Gardens, Kolkata",Royal Challengers Bengaluru,field,N,Kolkata Knight Riders,Runs,81.0,,SN Thakur,Vinod Seshan,VK Sharma
1359482.0,Guwahati,05-04-2023,2023,8,Punjab Kings,Rajasthan Royals,"Barsapara Cricket Stadium, Guwahati",Rajasthan Royals,field,N,Punjab Kings,Runs,5.0,,NT Ellis,KN Ananthapadmanabhan,MV Saidharshan Kumar
1359481.0,Delhi,04-04-2023,2023,7,Delhi Capitals,Gujarat Titans,"Arun Jaitley Stadium, Delhi",Gujarat Titans,field,N,Gujarat Titans,Wickets,6.0,,B Sai Sudharsan,A Nand Kishore,GR Sadashiv Iyer
1359480.0,Chennai,03-04-2023,2023,6,Chennai Super Kings,Lucknow Super Giants,"MA Chidambaram Stadium, Chepauk, Chennai",Lucknow Super Giants,field,N,Chennai Super Kings,Runs,12.0,,MM Ali,A Totre,BNJ Oxenford
1359478.0,Hyderabad,02-04-2023,2023,5,Rajasthan Royals,Sunrisers Hyderabad,"Rajiv Gandhi International Stadium, Uppal, Hyderabad",Sunrisers Hyderabad,field,N,Rajasthan Royals,Runs,72.0,,JC Buttler,KN Ananthapadmanabhan,R Pandit
1359479.0,Bengaluru,02-04-2023,2023,4,Mumbai Indians,Royal Challengers Bengaluru,"M Chinnaswamy Stadium, Bengaluru",Royal Challengers Bengaluru,field,N,Royal Challengers Bengaluru,Wickets,8.0,,F du Plessis,Nitin Menon,Tapan Sharma
1359477.0,Lucknow,01-04-2023,2023,3,Lucknow Super Giants,Delhi Capitals,"Bharat Ratna Shri Atal Bihari Vajpayee Ekana Cricket Stadium, Lucknow",Delhi Capitals,field,N,Lucknow Super Giants,Runs,50.0,,MA Wood,AK Chaudhary,NA Patwardhan
1359476.0,Chandigarh,01-04-2023,2023,2,Punjab Kings,Kolkata Knight Riders,"Punjab Cricket Association IS Bindra Stadium, Mohali, Chandigarh",Kolkata Knight Riders,field,N,Punjab Kings,Runs,7.0,D/L,Arshdeep Singh,BNJ Oxenford,YC Barde
1359475.0,Ahmedabad,31-03-2023,2023,1,Chennai Super Kings,Gujarat Titans,"Narendra Modi Stadium, Ahmedabad",Gujarat Titans,field,N,Gujarat Titans,Wickets,5.0,,Rashid Khan,Nitin Menon,HAS Khalid
,,,,,,,,,,,,,,,,,
1426312.0,Chennai,26-05-2024,2024,Final,Sunrisers Hyderabad,Kolkata Knight Riders,"MA Chidambaram Stadium, Chepauk, Chennai",Sunrisers Hyderabad,bat,N,Kolkata Knight Riders,,,,MA Starc,J Madanagopal,Nitin Menon
1426311.0,Chennai,24-05-2024,2024,Qualifier 2,Sunrisers Hyderabad,Rajasthan Royals,"MA Chidambaram Stadium, Chepauk, Chennai",Rajasthan Royals,field,N,Sunrisers Hyderabad,,,,Shahbaz Ahmed,Nitin Menon,VK Sharma
1426310.0,Ahmedabad,22-05-2024,2024,Eliminator,Royal Challengers Bengaluru,Rajasthan Royals,"Narendra Modi Stadium, Ahmedabad",Rajasthan Royals,field,N,Rajasthan Royals,,,,R Ashwin,KN Ananthapadmanabhan,MV Saidharshan Kumar
1426309.0,Ahmedabad,21-05-2024,2024,Qualifier 1,Sunrisers Hyderabad,Kolkata Knight Riders,"Narendra Modi Stadium, Ahmedabad",Sunrisers Hyderabad,bat,N,Kolkata Knight Riders,,,,MA Starc,AK Chaudhary,R Pandit
1426308.0,Guwahati,19-05-2024,2024,70,Rajasthan Royals,Kolkata Knight Riders,"Barsapara Cricket Stadium, Guwahati",Kolkata Knight Riders,field,,,NoResults,,,,AK Chaudhary,MV Saidharshan Kumar
1426307.0,Hyderabad,19-05-2024,2024,69,Punjab Kings,Sunrisers Hyderabad,"Rajiv Gandhi International Stadium, Uppal, Hyderabad",Punjab Kings,bat,N,Sunrisers Hyderabad,,,,Abhishek Sharma,Nitin Menon,VK Sharma
1426306.0,Bengaluru,18-05-2024,2024,68,Royal Challengers Bengaluru,Chennai Super Kings,"M Chinnaswamy Stadium, Bengaluru",Chennai Super Kings,field,N,Royal Challengers Bengaluru,,,,F du Plessis,A Totre,KN Ananthapadmanabhan
1426305.0,Mumbai,17-05-2024,2024,67,Lucknow Super Giants,Mumbai Indians,"Wankhede Stadium, Mumbai",Mumbai Indians,field,N,Lucknow Super Giants,,,,N Pooran,Navdeep Singh,AK Chaudhary
1426303.0,Hyderabad,16-05-2024,2024,66,Sunrisers Hyderabad,Gujarat Titans,"Rajiv Gandhi International Stadium, Uppal, Hyderabad",,,,,NoResults,,,,Nitin Menon,MV Saidharshan Kumar
1426304.0,Guwahati,15-05-2024,2024,65,Rajasthan Royals,Punjab Kings,"Barsapara Cricket Stadium, Guwahati",Rajasthan Royals,bat,N,Punjab Kings,,,,SM Curran,R Pandit,MV Saidharshan Kumar
1426302.0,Delhi,14-05-2024,2024,64,Delhi Capitals,Lucknow Super Giants,"Arun Jaitley Stadium, Delhi",Lucknow Super Giants,field,N,Delhi Capitals,,,,I Sharma,A Totre,Vinod Seshan
1426301.0,Ahmedabad,13-05-2024,2024,63,Gujarat Titans,Kolkata Knight Riders,"Narendra Modi Stadium, Ahmedabad",,,,,NoResults,,,,Nitin Menon,MV Saidharshan Kumar
1426300.0,Bengaluru,12-05-2024,2024,62,Royal Challengers Bengaluru,Delhi Capitals,"M Chinnaswamy Stadium, Bengaluru",Delhi Capitals,field,N,Royal Challengers Bengaluru,,,,C Green,A Nand Kishore,VA Kulkarni
1426299.0,Chennai,12-05-2024,2024,61,Rajasthan Royals,Chennai Super Kings,"MA Chidambaram Stadium, Chepauk, Chennai",Rajasthan Royals,bat,N,Chennai Super Kings,,,,Simarjeet Singh,R Pandit,YC Barde
1426298.0,Kolkata,11-05-2024,2024,60,Kolkata Knight Riders,Mumbai Indians,"Eden Gardens, Kolkata",Mumbai Indians,field,N,Kolkata Knight Riders,,,D/L,CV Varun,UV Gandhe,Vinod Seshan
1426297.0,Ahmedabad,10-05-2024,2024,59,Gujarat Titans,Chennai Super Kings,"Narendra Modi Stadium, Ahmedabad",Chennai Super Kings,field,N,Gujarat Titans,,,,Shubman Gill,KN Ananthapadmanabhan,NA Patwardhan
1426296.0,Dharamsala,09-05-2024,2024,58,Royal Challengers Bengaluru,Punjab Kings,"Himachal Pradesh Cricket Association Stadium, Dharamsala",Punjab Kings,field,N,Royal Challengers Bengaluru,,,,V Kohli,Nitin Menon,HAS Khalid
1426295.0,Hyderabad,08-05-2024,2024,57,Lucknow Super Giants,Sunrisers Hyderabad,"Rajiv Gandhi International Stadium, Uppal, Hyderabad",Lucknow Super Giants,bat,N,Sunrisers Hyderabad,,,,TM Head,MV Saidharshan Kumar,YC Barde
1426294.0,Delhi,07-05-2024,2024,56,Delhi Capitals,Rajasthan Royals,"Arun Jaitley Stadium, Delhi",Rajasthan Royals,field,N,Delhi Capitals,,,,Kuldeep Yadav,KN Ananthapadmanabhan,UV Gandhe
1426293.0,Mumbai,06-05-2024,2024,55,Sunrisers Hyderabad,Mumbai Indians,"Wankhede Stadium, Mumbai",Mumbai Indians,field,N,Mumbai Indians,,,,SA Yadav,Navdeep Singh,Tapan Sharma
1426292.0,Lucknow,05-05-2024,2024,54,Kolkata Knight Riders,Lucknow Super Giants,"Bharat Ratna Shri Atal Bihari Vajpayee Ekana Cricket Stadium, Lucknow",Lucknow Super Giants,field,N,Kolkata Knight Riders,,,,SP Narine,MV Saidharshan Kumar,YC Barde
1426291.0,Dharamsala,05-05-2024,2024,53,Chennai Super Kings,Punjab Kings,"Himachal Pradesh Cricket Association Stadium, Dharamsala",Punjab Kings,field,N,Chennai Super Kings,,,,RA Jadeja,A Nand Kishore,VA Kulkarni
1426290.0,Bengaluru,04-05-2024,2024,52,Gujarat Titans,Royal Challengers Bengaluru,"M Chinnaswamy Stadium, Bengaluru",Royal Challengers Bengaluru,field,N,Royal Challengers Bengaluru,,,,Mohammed Siraj,A Totre,Vinod Seshan
1426289.0,Mumbai,03-05-2024,2024,51,Kolkata Knight Riders,Mumbai Indians,"Wankhede Stadium, Mumbai",Mumbai Indians,field,N,Kolkata Knight Riders,,,,VR Iyer,J Madanagopal,Tapan Sharma
1426288.0,Hyderabad,02-05-2024,2024,50,Sunrisers Hyderabad,Rajasthan Royals,"Rajiv Gandhi International Stadium, Uppal, Hyderabad",Sunrisers Hyderabad,bat,N,Sunrisers Hyderabad,,,,B Kumar,AK Chaudhary,YC Barde
1426287.0,Chennai,01-05-2024,2024,49,Chennai Super Kings,Punjab Kings,"MA Chidambaram Stadium, Chepauk, Chennai",Punjab Kings,field,N,Punjab Kings,,,,Harpreet Brar,HAS Khalid,VK Sharma
1426286.0,Lucknow,30-04-2024,2024,48,Mumbai Indians,Lucknow Super Giants,"Bharat Ratna Shri Atal Bihari Vajpayee Ekana Cricket Stadium, Lucknow",Lucknow Super Giants,field,N,Lucknow Super Giants,,,,MP Stoinis,MA Gough,UV Gandhe
1426285.0,Kolkata,29-04-2024,2024,47,Delhi Capitals,Kolkata Knight Riders,"Eden Gardens, Kolkata",Delhi Capitals,bat,N,Kolkata Knight Riders,,,,CV Varun,Navdeep Singh,Tapan Sharma
1426284.0,Chennai,28-04-2024,2024,46,Chennai Super Kings,Sunrisers Hyderabad,"MA Chidambaram Stadium, Chepauk, Chennai",Sunrisers Hyderabad,field,N,Chennai Super Kings,,,,RD Gaikwad,R Pandit,MV Saidharshan Kumar
1426283.0,Ahmedabad,28-04-2024,2024,45,Gujarat Titans,Royal Challengers Bengaluru,"Narendra Modi Stadium, Ahmedabad",Royal Challengers Bengaluru,field,N,Royal Challengers Bengaluru,,,,WG Jacks,Nitin Menon,VK Sharma
1426282.0,Lucknow,27-04-2024,2024,44,Lucknow Super Giants,Rajasthan Royals,"Bharat Ratna Shri Atal Bihari Vajpayee Ekana Cricket Stadium, Lucknow",Rajasthan Royals,field,N,Rajasthan Royals,,,,SV Samson,KN Ananthapadmanabhan,MA Gough
1426281.0,Delhi,27-04-2024,2024,43,Delhi Capitals,Mumbai Indians,"Arun Jaitley Stadium, Delhi",Mumbai Indians,field,N,Delhi Capitals,,,,J Fraser-McGurk,Navdeep Singh,NA Patwardhan
1426280.0,Kolkata,26-04-2024,2024,42,Kolkata Knight Riders,Punjab Kings,"Eden Gardens, Kolkata",Punjab Kings,field,N,Punjab Kings,,,,JM Bairstow,AK Chaudhary,YC Barde
1426279.0,Hyderabad,25-04-2024,2024,41,Royal Challengers Bengaluru,Sunrisers Hyderabad,"Rajiv Gandhi International Stadium, Uppal, Hyderabad",Royal Challengers Bengaluru,bat,N,Royal Challengers Bengaluru,,,,RM Patidar,Nitin Menon,HAS Khalid
1426278.0,Delhi,24-04-2024,2024,40,Delhi Capitals,Gujarat Titans,"Arun Jaitley Stadium, Delhi",Gujarat Titans,field,N,Delhi Capitals,,,,RR Pant,KN Ananthapadmanabhan,UV Gandhe
1426277.0,Chennai,23-04-2024,2024,39,Chennai Super Kings,Lucknow Super Giants,"MA Chidambaram Stadium, Chepauk, Chennai",Lucknow Super Giants,field,N,Lucknow Super Giants,,,,MP Stoinis,NA Patwardhan,Tapan Sharma
1426276.0,Jaipur,22-04-2024,2024,38,Mumbai Indians,Rajasthan Royals,"Sawai Mansingh Stadium, Jaipur",Mumbai Indians,bat,N,Rajasthan Royals,,,,Sandeep Sharma,AK Chaudhary,MV Saidharshan Kumar
1426275.0,Mohali,21-04-2024,2024,37,Punjab Kings,Gujarat Titans,"Maharaja Yadavindra Singh International Cricket Stadium, Mullanpur",Punjab Kings,bat,N,Gujarat Titans,,,,R Sai Kishore,A Nand Kishore,VA Kulkarni
1426274.0,Kolkata,21-04-2024,2024,36,Kolkata Knight Riders,Royal Challengers Bengaluru,"Eden Gardens, Kolkata",Royal Challengers Bengaluru,field,N,Kolkata Knight Riders,,,,AD Russell,A Totre,Vinod Seshan
1426273.0,Delhi,20-04-2024,2024,35,Sunrisers Hyderabad,Delhi Capitals,"Arun Jaitley Stadium, Delhi",Delhi Capitals,field,N,Sunrisers Hyderabad,,,,TM Head,J Madanagopal,Navdeep Singh
1426272.0,Lucknow,19-04-2024,2024,34,Chennai Super Kings,Lucknow Super Giants,"Bharat Ratna Shri Atal Bihari Vajpayee Ekana Cricket Stadium, Lucknow",Lucknow Super Giants,field,N,Lucknow Super Giants,,,,KL Rahul,AK Chaudhary,R Pandit
1426271.0,Mohali,18-04-2024,2024,33,Mumbai Indians,Punjab Kings,"Maharaja Yadavindra Singh International Cricket Stadium, Mullanpur",Punjab Kings,field,N,Mumbai Indians,,,,JJ Bumrah,A Nand Kishore,VA Kulkarni
1426270.0,Ahmedabad,17-04-2024,2024,32,Gujarat Titans,Delhi Capitals,"Narendra Modi Stadium, Ahmedabad",Delhi Capitals,field,N,Delhi Capitals,,,,RR Pant,NA Patwardhan,VK Sharma
1426269.0,Kolkata,16-04-2024,2024,31,Kolkata Knight Riders,Rajasthan Royals,"Eden Gardens, Kolkata",Rajasthan Royals,field,N,Rajasthan Royals,,,,JC Buttler,MA Gough,UV Gandhe
1426268.0,Bengaluru,15-04-2024,2024,30,Sunrisers Hyderabad,Royal Challengers Bengaluru,"M Chinnaswamy Stadium, Bengaluru",Royal Challengers Bengaluru,field,N,Sunrisers Hyderabad,,,,TM Head,AK Chaudhary,R Pandit
1426267.0,Mumbai,14-04-2024,2024,29,Chennai Super Kings,Mumbai Indians,"Wankhede Stadium, Mumbai",Mumbai Indians,field,N,Chennai Super Kings,,,,M Pathirana,Nitin Menon,HAS Khalid
1426266.0,Kolkata,14-04-2024,2024,28,Lucknow Super Giants,Kolkata Knight Riders,"Eden Gardens, Kolkata",Kolkata Knight Riders,field,N,Kolkata Knight Riders,,,,PD Salt,A Totre,Vinod Seshan
1426265.0,Mohali,13-04-2024,2024,27,Punjab Kings,Rajasthan Royals,"Maharaja Yadavindra Singh International Cricket Stadium, Mullanpur",Rajasthan Royals,field,N,Rajasthan Royals,,,,SO Hetmyer,AK Chaudhary,Tapan Sharma
1426264.0,Lucknow,12-04-2024,2024,26,Lucknow Super Giants,Delhi Capitals,"Bharat Ratna Shri Atal Bihari Vajpayee Ekana Cricket Stadium, Lucknow",Lucknow Super Giants,bat,N,Delhi Capitals,,,,Kuldeep Yadav,R Pandit,YC Barde
1426263.0,Mumbai,11-04-2024,2024,25,Royal Challengers Bengaluru,Mumbai Indians,"Wankhede Stadium, Mumbai",Mumbai Indians,field,N,Mumbai Indians,,,,JJ Bumrah,Nitin Menon,VA Kulkarni
1426262.0,Jaipur,10-04-2024,2024,24,Rajasthan Royals,Gujarat Titans,"Sawai Mansingh Stadium, Jaipur",Gujarat Titans,field,N,Gujarat Titans,,,,Rashid Khan,HDPK Dharmasena,Vinod Seshan
1426261.0,Mohali,09-04-2024,2024,23,Sunrisers Hyderabad,Punjab Kings,"Maharaja Yadavindra Singh International Cricket Stadium, Mullanpur",Punjab Kings,field,N,Sunrisers Hyderabad,,,,Nithish Kumar Reddy,Navdeep Singh,NA Patwardhan
1426260.0,Chennai,08-04-2024,2024,22,Kolkata Knight Riders,Chennai Super Kings,"MA Chidambaram Stadium, Chepauk, Chennai",Chennai Super Kings,field,N,Chennai Super Kings,,,,RA Jadeja,AK Chaudhary,MV Saidharshan Kumar
1422139.0,Lucknow,07-04-2024,2024,21,Lucknow Super Giants,Gujarat Titans,"Bharat Ratna Shri Atal Bihari Vajpayee Ekana Cricket Stadium, Lucknow",Lucknow Super Giants,bat,N,Lucknow Super Giants,,,,Yash Thakur,A Nand Kishore,VK Sharma
1422138.0,Mumbai,07-04-2024,2024,20,Mumbai Indians,Delhi Capitals,"Wankhede Stadium, Mumbai",Delhi Capitals,field,N,Mumbai Indians,,,,R Shepherd,HDPK Dharmasena,UV Gandhe
1422137.0,Jaipur,06-04-2024,2024,19,Royal Challengers Bengaluru,Rajasthan Royals,"Sawai Mansingh Stadium, Jaipur",Rajasthan Royals,field,N,Rajasthan Royals,,,,JC Buttler,AG Wharf,Tapan Sharma
1422136.0,Hyderabad,05-04-2024,2024,18,Chennai Super Kings,Sunrisers Hyderabad,"Rajiv Gandhi International Stadium, Uppal, Hyderabad",Sunrisers Hyderabad,field,N,Sunrisers Hyderabad,,,,Abhishek Sharma,R Pandit,YC Barde
1422135.0,Ahmedabad,04-04-2024,2024,17,Gujarat Titans,Punjab Kings,"Narendra Modi Stadium, Ahmedabad",Punjab Kings,field,N,Punjab Kings,,,,Shashank Singh,Nitin Menon,VA Kulkarni
1422134.0,Visakhapatnam,03-04-2024,2024,16,Kolkata Knight Riders,Delhi Capitals,"Dr. Y.S. Rajasekhara Reddy ACA-VDCA Cricket Stadium, Visakhapatnam",Kolkata Knight Riders,bat,N,Kolkata Knight Riders,,,,SP Narine,A Totre,UV Gandhe
1422133.0,Bengaluru,02-04-2024,2024,15,Lucknow Super Giants,Royal Challengers Bengaluru,"M Chinnaswamy Stadium, Bengaluru",Royal Challengers Bengaluru,field,N,Lucknow Super Giants,,,,MP Yadav,J Madanagopal,NA Patwardhan
1422132.0,Mumbai,01-04-2024,2024,14,Mumbai Indians,Rajasthan Royals,"Wankhede Stadium, Mumbai",Rajasthan Royals,field,N,Rajasthan Royals,,,,TA Boult,MV Saidharshan Kumar,YC Barde
1422131.0,Visakhapatnam,31-03-2024,2024,13,Delhi Capitals,Chennai Super Kings,"Dr. Y.S. Rajasekhara Reddy ACA-VDCA Cricket Stadium, Visakhapatnam",Delhi Capitals,bat,N,Delhi Capitals,,,,KK Ahmed,HDPK Dharmasena,Vinod Seshan
1422130.0,Ahmedabad,31-03-2024,2024,12,Sunrisers Hyderabad,Gujarat Titans,"Narendra Modi Stadium, Ahmedabad",Sunrisers Hyderabad,bat,N,Gujarat Titans,,,,MM Sharma,HAS Khalid,VK Sharma
1422129.0,Lucknow,30-03-2024,2024,11,Lucknow Super Giants,Punjab Kings,"Bharat Ratna Shri Atal Bihari Vajpayee Ekana Cricket Stadium, Lucknow",Lucknow Super Giants,bat,N,Lucknow Super Giants,,,,MP Yadav,J Madanagopal,Navdeep Singh
1422128.0,Bengaluru,29-03-2024,2024,10,Royal Challengers Bengaluru,Kolkata Knight Riders,"M Chinnaswamy Stadium, Bengaluru",Kolkata Knight Riders,field,N,Kolkata Knight Riders,,,,SP Narine,AK Chaudhary,R Pandit
1422127.0,Jaipur,28-03-2024,2024,9,Rajasthan Royals,Delhi Capitals,"Sawai Mansingh Stadium, Jaipur",Delhi Capitals,field,N,Rajasthan Royals,,,,R Parag,A Nand Kishore,Nitin Menon
1422126.0,Hyderabad,27-03-2024,2024,8,Sunrisers Hyderabad,Mumbai Indians,"Rajiv Gandhi International Stadium, Uppal, Hyderabad",Mumbai Indians,field,N,Sunrisers Hyderabad,,,,Abhishek Sharma,KN Ananthapadmanabhan,UV Gandhe
1422125.0,Chennai,26-03-2024,2024,7,Chennai Super Kings,Gujarat Titans,"MA Chidambaram Stadium, Chepauk, Chennai",Gujarat Titans,field,N,Chennai Super Kings,,,,S Dube,AG Wharf,Tapan Sharma
1422124.0,Bengaluru,25-03-2024,2024,6,Punjab Kings,Royal Challengers Bengaluru,"M Chinnaswamy Stadium, Bengaluru",Royal Challengers Bengaluru,field,N,Royal Challengers Bengaluru,,,,V Kohli,AK Chaudhary,MV Saidharshan Kumar
1422123.0,Ahmedabad,24-03-2024,2024,5,Gujarat Titans,Mumbai Indians,"Narendra Modi Stadium, Ahmedabad",Mumbai Indians,field,N,Gujarat Titans,,,,B Sai Sudharsan,VA Kulkarni,VK Sharma
1422122.0,Jaipur,24-03-2024,2024,4,Rajasthan Royals,Lucknow Super Giants,"Sawai Mansingh Stadium, Jaipur",Rajasthan Royals,bat,N,Rajasthan Royals,,,,SV Samson,A Totre,HDPK Dharmasena
1422121.0,Kolkata,23-03-2024,2024,3,Kolkata Knight Riders,Sunrisers Hyderabad,"Eden Gardens, Kolkata",Sunrisers Hyderabad,field,N,Kolkata Knight Riders,,,,AD Russell,R Pandit,YC Barde
1422120.0,Mohali,23-03-2024,2024,2,Delhi Capitals,Punjab Kings,"Maharaja Yadavindra Singh International Cricket Stadium, Mullanpur",Punjab Kings,field,N,Punjab Kings,,,,SM Curran,J Madanagopal,NA Patwardhan
1422119.0,Chennai,22-03-2024,2024,1,Royal Challengers Bengaluru,Chennai Super Kings,"MA Chidambaram Stadium, Chepauk, Chennai",Royal Challengers Bengaluru,bat,N,Chennai Super Kings,,,,Mustafizur Rahman,HAS Khalid,VK Sharma
